file,line,type,commit,author,date,time,timezone,datetime,depth,length
style.css,1,css,d09d196a,Marguerite Church,2025-01-15,14:07:19,-08:00,2025-01-15T14:07:19-08:00,0,6
style.css,2,css,d09d196a,Marguerite Church,2025-01-15,14:07:19,-08:00,2025-01-15T14:07:19-08:00,0,32
style.css,3,css,d09d196a,Marguerite Church,2025-01-15,14:07:19,-08:00,2025-01-15T14:07:19-08:00,0,0
style.css,4,css,4d01b89b,Marguerite Church,2025-01-09,14:22:11,-08:00,2025-01-09T14:22:11-08:00,0,5
style.css,5,css,4a3e82fc,Marguerite Church,2025-01-10,14:20:39,-08:00,2025-01-10T14:20:39-08:00,0,44
style.css,6,css,4a3e82fc,Marguerite Church,2025-01-10,14:20:39,-08:00,2025-01-10T14:20:39-08:00,1,43
style.css,7,css,4a3e82fc,Marguerite Church,2025-01-10,14:20:39,-08:00,2025-01-10T14:20:39-08:00,1,1
style.css,8,css,4a3e82fc,Marguerite Church,2025-01-10,14:20:39,-08:00,2025-01-10T14:20:39-08:00,0,24
style.css,9,css,d09d196a,Marguerite Church,2025-01-15,14:07:19,-08:00,2025-01-15T14:07:19-08:00,0,16
style.css,10,css,d09d196a,Marguerite Church,2025-01-15,14:07:19,-08:00,2025-01-15T14:07:19-08:00,0,19
style.css,11,css,d09d196a,Marguerite Church,2025-01-15,14:07:19,-08:00,2025-01-15T14:07:19-08:00,0,12
style.css,12,css,d09d196a,Marguerite Church,2025-01-15,14:07:19,-08:00,2025-01-15T14:07:19-08:00,0,33
style.css,13,css,81f54efa,Marguerite Church,2025-01-23,12:31:29,-08:00,2025-01-23T12:31:29-08:00,0,30
style.css,14,css,81f54efa,Marguerite Church,2025-01-23,12:31:29,-08:00,2025-01-23T12:31:29-08:00,0,17
style.css,15,css,d09d196a,Marguerite Church,2025-01-15,14:07:19,-08:00,2025-01-15T14:07:19-08:00,0,0
style.css,16,css,d09d196a,Marguerite Church,2025-01-15,14:07:19,-08:00,2025-01-15T14:07:19-08:00,0,0
style.css,17,css,d09d196a,Marguerite Church,2025-01-15,14:07:19,-08:00,2025-01-15T14:07:19-08:00,0,3
style.css,18,css,d09d196a,Marguerite Church,2025-01-15,14:07:19,-08:00,2025-01-15T14:07:19-08:00,0,17
style.css,19,css,d09d196a,Marguerite Church,2025-01-15,14:07:19,-08:00,2025-01-15T14:07:19-08:00,0,3
style.css,20,css,d09d196a,Marguerite Church,2025-01-15,14:07:19,-08:00,2025-01-15T14:07:19-08:00,0,17
style.css,21,css,d09d196a,Marguerite Church,2025-01-15,14:07:19,-08:00,2025-01-15T14:07:19-08:00,0,0
style.css,22,css,d09d196a,Marguerite Church,2025-01-15,14:07:19,-08:00,2025-01-15T14:07:19-08:00,0,0
style.css,23,css,d09d196a,Marguerite Church,2025-01-15,14:07:19,-08:00,2025-01-15T14:07:19-08:00,0,0
style.css,24,css,d09d196a,Marguerite Church,2025-01-15,14:07:19,-08:00,2025-01-15T14:07:19-08:00,0,4
style.css,25,css,d09d196a,Marguerite Church,2025-01-15,14:07:19,-08:00,2025-01-15T14:07:19-08:00,0,13
style.css,26,css,d09d196a,Marguerite Church,2025-01-15,14:07:19,-08:00,2025-01-15T14:07:19-08:00,0,18
style.css,27,css,d09d196a,Marguerite Church,2025-01-15,14:07:19,-08:00,2025-01-15T14:07:19-08:00,0,24
style.css,28,css,d09d196a,Marguerite Church,2025-01-15,14:07:19,-08:00,2025-01-15T14:07:19-08:00,0,26
style.css,29,css,81f54efa,Marguerite Church,2025-01-23,12:31:29,-08:00,2025-01-23T12:31:29-08:00,0,40
style.css,30,css,81f54efa,Marguerite Church,2025-01-23,12:31:29,-08:00,2025-01-23T12:31:29-08:00,0,40
style.css,31,css,d09d196a,Marguerite Church,2025-01-15,14:07:19,-08:00,2025-01-15T14:07:19-08:00,0,2
style.css,32,css,d09d196a,Marguerite Church,2025-01-15,14:07:19,-08:00,2025-01-15T14:07:19-08:00,0,7
style.css,33,css,d09d196a,Marguerite Church,2025-01-15,14:07:19,-08:00,2025-01-15T14:07:19-08:00,0,21
style.css,34,css,d09d196a,Marguerite Church,2025-01-15,14:07:19,-08:00,2025-01-15T14:07:19-08:00,0,14
style.css,35,css,d09d196a,Marguerite Church,2025-01-15,14:07:19,-08:00,2025-01-15T14:07:19-08:00,0,18
style.css,36,css,d09d196a,Marguerite Church,2025-01-15,14:07:19,-08:00,2025-01-15T14:07:19-08:00,0,14
style.css,37,css,d09d196a,Marguerite Church,2025-01-15,14:07:19,-08:00,2025-01-15T14:07:19-08:00,0,0
style.css,38,css,d09d196a,Marguerite Church,2025-01-15,14:07:19,-08:00,2025-01-15T14:07:19-08:00,0,10
style.css,39,css,d09d196a,Marguerite Church,2025-01-15,14:07:19,-08:00,2025-01-15T14:07:19-08:00,0,26
style.css,40,css,d09d196a,Marguerite Church,2025-01-15,14:07:19,-08:00,2025-01-15T14:07:19-08:00,0,26
style.css,41,css,81f54efa,Marguerite Church,2025-01-23,12:31:29,-08:00,2025-01-23T12:31:29-08:00,0,40
style.css,42,css,d09d196a,Marguerite Church,2025-01-15,14:07:19,-08:00,2025-01-15T14:07:19-08:00,0,0
style.css,43,css,d09d196a,Marguerite Church,2025-01-15,14:07:19,-08:00,2025-01-15T14:07:19-08:00,0,7
style.css,44,css,d09d196a,Marguerite Church,2025-01-15,14:07:19,-08:00,2025-01-15T14:07:19-08:00,0,26
style.css,45,css,d09d196a,Marguerite Church,2025-01-15,14:07:19,-08:00,2025-01-15T14:07:19-08:00,0,26
style.css,46,css,81f54efa,Marguerite Church,2025-01-23,12:31:29,-08:00,2025-01-23T12:31:29-08:00,0,37
style.css,47,css,81f54efa,Marguerite Church,2025-01-23,12:31:29,-08:00,2025-01-23T12:31:29-08:00,0,70
style.css,48,css,d09d196a,Marguerite Church,2025-01-15,14:07:19,-08:00,2025-01-15T14:07:19-08:00,0,0
style.css,49,css,d09d196a,Marguerite Church,2025-01-15,14:07:19,-08:00,2025-01-15T14:07:19-08:00,0,0
style.css,50,css,d09d196a,Marguerite Church,2025-01-15,14:07:19,-08:00,2025-01-15T14:07:19-08:00,0,0
style.css,51,css,d09d196a,Marguerite Church,2025-01-15,14:07:19,-08:00,2025-01-15T14:07:19-08:00,0,4
style.css,52,css,d09d196a,Marguerite Church,2025-01-15,14:07:19,-08:00,2025-01-15T14:07:19-08:00,0,12
style.css,53,css,d09d196a,Marguerite Church,2025-01-15,14:07:19,-08:00,2025-01-15T14:07:19-08:00,0,31
style.css,54,css,d09d196a,Marguerite Church,2025-01-15,14:07:19,-08:00,2025-01-15T14:07:19-08:00,0,19
style.css,55,css,d09d196a,Marguerite Church,2025-01-15,14:07:19,-08:00,2025-01-15T14:07:19-08:00,0,8
style.css,56,css,d09d196a,Marguerite Church,2025-01-15,14:07:19,-08:00,2025-01-15T14:07:19-08:00,0,6
style.css,57,css,f3f0f0e3,Marguerite Church,2025-01-16,09:49:22,-08:00,2025-01-16T09:49:22-08:00,0,13
style.css,58,css,d09d196a,Marguerite Church,2025-01-15,14:07:19,-08:00,2025-01-15T14:07:19-08:00,0,13
style.css,59,css,d09d196a,Marguerite Church,2025-01-15,14:07:19,-08:00,2025-01-15T14:07:19-08:00,0,30
style.css,60,css,d09d196a,Marguerite Church,2025-01-15,14:07:19,-08:00,2025-01-15T14:07:19-08:00,0,0
style.css,61,css,d09d196a,Marguerite Church,2025-01-15,14:07:19,-08:00,2025-01-15T14:07:19-08:00,0,7
style.css,62,css,f3f0f0e3,Marguerite Church,2025-01-16,09:49:22,-08:00,2025-01-16T09:49:22-08:00,0,13
style.css,63,css,f3f0f0e3,Marguerite Church,2025-01-16,09:49:22,-08:00,2025-01-16T09:49:22-08:00,0,17
style.css,64,css,f3f0f0e3,Marguerite Church,2025-01-16,09:49:22,-08:00,2025-01-16T09:49:22-08:00,0,0
style.css,65,css,f3f0f0e3,Marguerite Church,2025-01-16,09:49:22,-08:00,2025-01-16T09:49:22-08:00,0,6
style.css,66,css,f3f0f0e3,Marguerite Church,2025-01-16,09:49:22,-08:00,2025-01-16T09:49:22-08:00,0,13
style.css,67,css,d09d196a,Marguerite Church,2025-01-15,14:07:19,-08:00,2025-01-15T14:07:19-08:00,0,0
style.css,68,css,f3f0f0e3,Marguerite Church,2025-01-16,09:49:22,-08:00,2025-01-16T09:49:22-08:00,0,9
style.css,69,css,f3f0f0e3,Marguerite Church,2025-01-16,09:49:22,-08:00,2025-01-16T09:49:22-08:00,0,13
style.css,70,css,f3f0f0e3,Marguerite Church,2025-01-16,09:49:22,-08:00,2025-01-16T09:49:22-08:00,0,0
style.css,71,css,f3f0f0e3,Marguerite Church,2025-01-16,09:49:22,-08:00,2025-01-16T09:49:22-08:00,0,0
style.css,72,css,58adad13,Marguerite Church,2025-01-16,17:10:55,-08:00,2025-01-16T17:10:55-08:00,0,0
style.css,73,css,58adad13,Marguerite Church,2025-01-16,17:10:55,-08:00,2025-01-16T17:10:55-08:00,0,10
style.css,74,css,58adad13,Marguerite Church,2025-01-16,17:10:55,-08:00,2025-01-16T17:10:55-08:00,0,13
style.css,75,css,58adad13,Marguerite Church,2025-01-16,17:10:55,-08:00,2025-01-16T17:10:55-08:00,0,59
style.css,76,css,58adad13,Marguerite Church,2025-01-16,17:10:55,-08:00,2025-01-16T17:10:55-08:00,0,8
style.css,77,css,58adad13,Marguerite Church,2025-01-16,17:10:55,-08:00,2025-01-16T17:10:55-08:00,0,19
style.css,78,css,58adad13,Marguerite Church,2025-01-16,17:10:55,-08:00,2025-01-16T17:10:55-08:00,0,27
style.css,79,css,58adad13,Marguerite Church,2025-01-16,17:10:55,-08:00,2025-01-16T17:10:55-08:00,0,16
style.css,80,css,58adad13,Marguerite Church,2025-01-16,17:10:55,-08:00,2025-01-16T17:10:55-08:00,0,8
style.css,81,css,58adad13,Marguerite Church,2025-01-16,17:10:55,-08:00,2025-01-16T17:10:55-08:00,0,3
style.css,82,css,58adad13,Marguerite Church,2025-01-16,17:10:55,-08:00,2025-01-16T17:10:55-08:00,0,9
style.css,83,css,58adad13,Marguerite Church,2025-01-16,17:10:55,-08:00,2025-01-16T17:10:55-08:00,0,0
style.css,84,css,58adad13,Marguerite Church,2025-01-16,17:10:55,-08:00,2025-01-16T17:10:55-08:00,0,0
style.css,85,css,58adad13,Marguerite Church,2025-01-16,17:10:55,-08:00,2025-01-16T17:10:55-08:00,0,0
style.css,86,css,58adad13,Marguerite Church,2025-01-16,17:10:55,-08:00,2025-01-16T17:10:55-08:00,0,0
style.css,87,css,58adad13,Marguerite Church,2025-01-16,17:10:55,-08:00,2025-01-16T17:10:55-08:00,0,3
style.css,88,css,58adad13,Marguerite Church,2025-01-16,17:10:55,-08:00,2025-01-16T17:10:55-08:00,0,16
style.css,89,css,58adad13,Marguerite Church,2025-01-16,17:10:55,-08:00,2025-01-16T17:10:55-08:00,0,18
style.css,90,css,58adad13,Marguerite Church,2025-01-16,17:10:55,-08:00,2025-01-16T17:10:55-08:00,0,0
style.css,91,css,58adad13,Marguerite Church,2025-01-16,17:10:55,-08:00,2025-01-16T17:10:55-08:00,0,3
style.css,92,css,58adad13,Marguerite Church,2025-01-16,17:10:55,-08:00,2025-01-16T17:10:55-08:00,0,16
style.css,93,css,58adad13,Marguerite Church,2025-01-16,17:10:55,-08:00,2025-01-16T17:10:55-08:00,0,18
style.css,94,css,58adad13,Marguerite Church,2025-01-16,17:10:55,-08:00,2025-01-16T17:10:55-08:00,0,0
style.css,95,css,58adad13,Marguerite Church,2025-01-16,17:10:55,-08:00,2025-01-16T17:10:55-08:00,0,3
style.css,96,css,58adad13,Marguerite Church,2025-01-16,17:10:55,-08:00,2025-01-16T17:10:55-08:00,0,16
style.css,97,css,58adad13,Marguerite Church,2025-01-16,17:10:55,-08:00,2025-01-16T17:10:55-08:00,0,18
style.css,98,css,58adad13,Marguerite Church,2025-01-16,17:10:55,-08:00,2025-01-16T17:10:55-08:00,0,0
style.css,99,css,58adad13,Marguerite Church,2025-01-16,17:10:55,-08:00,2025-01-16T17:10:55-08:00,0,3
style.css,100,css,58adad13,Marguerite Church,2025-01-16,17:10:55,-08:00,2025-01-16T17:10:55-08:00,0,16
style.css,101,css,58adad13,Marguerite Church,2025-01-16,17:10:55,-08:00,2025-01-16T17:10:55-08:00,0,18
style.css,102,css,58adad13,Marguerite Church,2025-01-16,17:10:55,-08:00,2025-01-16T17:10:55-08:00,0,0
style.css,103,css,58adad13,Marguerite Church,2025-01-16,17:10:55,-08:00,2025-01-16T17:10:55-08:00,0,3
style.css,104,css,58adad13,Marguerite Church,2025-01-16,17:10:55,-08:00,2025-01-16T17:10:55-08:00,0,16
style.css,105,css,58adad13,Marguerite Church,2025-01-16,17:10:55,-08:00,2025-01-16T17:10:55-08:00,0,18
style.css,106,css,58adad13,Marguerite Church,2025-01-16,17:10:55,-08:00,2025-01-16T17:10:55-08:00,0,0
style.css,107,css,58adad13,Marguerite Church,2025-01-16,17:10:55,-08:00,2025-01-16T17:10:55-08:00,0,3
style.css,108,css,58adad13,Marguerite Church,2025-01-16,17:10:55,-08:00,2025-01-16T17:10:55-08:00,0,16
style.css,109,css,58adad13,Marguerite Church,2025-01-16,17:10:55,-08:00,2025-01-16T17:10:55-08:00,0,18
style.css,110,css,abbaf6dd,Marguerite Church,2025-01-17,17:21:08,-08:00,2025-01-17T17:21:08-08:00,0,0
style.css,111,css,abbaf6dd,Marguerite Church,2025-01-17,17:21:08,-08:00,2025-01-17T17:21:08-08:00,0,0
style.css,112,css,abbaf6dd,Marguerite Church,2025-01-17,17:21:08,-08:00,2025-01-17T17:21:08-08:00,0,20
style.css,113,css,abbaf6dd,Marguerite Church,2025-01-17,17:21:08,-08:00,2025-01-17T17:21:08-08:00,0,19
style.css,114,css,abbaf6dd,Marguerite Church,2025-01-17,17:21:08,-08:00,2025-01-17T17:21:08-08:00,0,17
style.css,115,css,abbaf6dd,Marguerite Church,2025-01-17,17:21:08,-08:00,2025-01-17T17:21:08-08:00,0,19
style.css,116,css,abbaf6dd,Marguerite Church,2025-01-17,17:21:08,-08:00,2025-01-17T17:21:08-08:00,0,18
style.css,117,css,abbaf6dd,Marguerite Church,2025-01-17,17:21:08,-08:00,2025-01-17T17:21:08-08:00,0,44
style.css,118,css,abbaf6dd,Marguerite Church,2025-01-17,17:21:08,-08:00,2025-01-17T17:21:08-08:00,0,23
style.css,119,css,abbaf6dd,Marguerite Church,2025-01-17,17:21:08,-08:00,2025-01-17T17:21:08-08:00,0,12
style.css,120,css,abbaf6dd,Marguerite Church,2025-01-17,17:21:08,-08:00,2025-01-17T17:21:08-08:00,0,10
style.css,121,css,abbaf6dd,Marguerite Church,2025-01-17,17:21:08,-08:00,2025-01-17T17:21:08-08:00,0,17
style.css,122,css,abbaf6dd,Marguerite Church,2025-01-17,17:21:08,-08:00,2025-01-17T17:21:08-08:00,0,18
style.css,123,css,abbaf6dd,Marguerite Church,2025-01-17,17:21:08,-08:00,2025-01-17T17:21:08-08:00,0,0
style.css,124,css,abbaf6dd,Marguerite Church,2025-01-17,17:21:08,-08:00,2025-01-17T17:21:08-08:00,0,18
style.css,125,css,abbaf6dd,Marguerite Church,2025-01-17,17:21:08,-08:00,2025-01-17T17:21:08-08:00,0,16
style.css,126,css,abbaf6dd,Marguerite Church,2025-01-17,17:21:08,-08:00,2025-01-17T17:21:08-08:00,0,12
style.css,127,css,abbaf6dd,Marguerite Church,2025-01-17,17:21:08,-08:00,2025-01-17T17:21:08-08:00,0,3
style.css,128,css,abbaf6dd,Marguerite Church,2025-01-17,17:21:08,-08:00,2025-01-17T17:21:08-08:00,0,14
style.css,129,css,abbaf6dd,Marguerite Church,2025-01-17,17:21:08,-08:00,2025-01-17T17:21:08-08:00,0,3
style.css,130,css,abbaf6dd,Marguerite Church,2025-01-17,17:21:08,-08:00,2025-01-17T17:21:08-08:00,0,14
style.css,131,css,abbaf6dd,Marguerite Church,2025-01-17,17:21:08,-08:00,2025-01-17T17:21:08-08:00,0,0
style.css,132,css,abbaf6dd,Marguerite Church,2025-01-17,17:21:08,-08:00,2025-01-17T17:21:08-08:00,0,0
style.css,133,css,abbaf6dd,Marguerite Church,2025-01-17,17:21:08,-08:00,2025-01-17T17:21:08-08:00,0,0
style.css,134,css,abbaf6dd,Marguerite Church,2025-01-17,17:21:08,-08:00,2025-01-17T17:21:08-08:00,0,24
style.css,135,css,abbaf6dd,Marguerite Church,2025-01-17,17:21:08,-08:00,2025-01-17T17:21:08-08:00,0,16
style.css,136,css,abbaf6dd,Marguerite Church,2025-01-17,17:21:08,-08:00,2025-01-17T17:21:08-08:00,0,12
style.css,137,css,abbaf6dd,Marguerite Church,2025-01-17,17:21:08,-08:00,2025-01-17T17:21:08-08:00,0,3
style.css,138,css,abbaf6dd,Marguerite Church,2025-01-17,17:21:08,-08:00,2025-01-17T17:21:08-08:00,0,14
style.css,139,css,abbaf6dd,Marguerite Church,2025-01-17,17:21:08,-08:00,2025-01-17T17:21:08-08:00,0,3
style.css,140,css,abbaf6dd,Marguerite Church,2025-01-17,17:21:08,-08:00,2025-01-17T17:21:08-08:00,0,14
style.css,141,css,abbaf6dd,Marguerite Church,2025-01-17,17:21:08,-08:00,2025-01-17T17:21:08-08:00,0,0
style.css,142,css,abbaf6dd,Marguerite Church,2025-01-17,17:21:08,-08:00,2025-01-17T17:21:08-08:00,0,0
style.css,143,css,abbaf6dd,Marguerite Church,2025-01-17,17:21:08,-08:00,2025-01-17T17:21:08-08:00,0,0
style.css,144,css,abbaf6dd,Marguerite Church,2025-01-17,17:21:08,-08:00,2025-01-17T17:21:08-08:00,0,18
style.css,145,css,abbaf6dd,Marguerite Church,2025-01-17,17:21:08,-08:00,2025-01-17T17:21:08-08:00,0,16
style.css,146,css,abbaf6dd,Marguerite Church,2025-01-17,17:21:08,-08:00,2025-01-17T17:21:08-08:00,0,12
style.css,147,css,abbaf6dd,Marguerite Church,2025-01-17,17:21:08,-08:00,2025-01-17T17:21:08-08:00,0,3
style.css,148,css,abbaf6dd,Marguerite Church,2025-01-17,17:21:08,-08:00,2025-01-17T17:21:08-08:00,0,14
style.css,149,css,abbaf6dd,Marguerite Church,2025-01-17,17:21:08,-08:00,2025-01-17T17:21:08-08:00,0,3
style.css,150,css,abbaf6dd,Marguerite Church,2025-01-17,17:21:08,-08:00,2025-01-17T17:21:08-08:00,0,14
style.css,151,css,abbaf6dd,Marguerite Church,2025-01-17,17:21:08,-08:00,2025-01-17T17:21:08-08:00,0,0
style.css,152,css,abbaf6dd,Marguerite Church,2025-01-17,17:21:08,-08:00,2025-01-17T17:21:08-08:00,0,0
style.css,153,css,abbaf6dd,Marguerite Church,2025-01-17,17:21:08,-08:00,2025-01-17T17:21:08-08:00,0,0
style.css,154,css,abbaf6dd,Marguerite Church,2025-01-17,17:21:08,-08:00,2025-01-17T17:21:08-08:00,0,20
style.css,155,css,abbaf6dd,Marguerite Church,2025-01-17,17:21:08,-08:00,2025-01-17T17:21:08-08:00,0,16
style.css,156,css,abbaf6dd,Marguerite Church,2025-01-17,17:21:08,-08:00,2025-01-17T17:21:08-08:00,0,12
style.css,157,css,abbaf6dd,Marguerite Church,2025-01-17,17:21:08,-08:00,2025-01-17T17:21:08-08:00,0,3
style.css,158,css,abbaf6dd,Marguerite Church,2025-01-17,17:21:08,-08:00,2025-01-17T17:21:08-08:00,0,14
style.css,159,css,abbaf6dd,Marguerite Church,2025-01-17,17:21:08,-08:00,2025-01-17T17:21:08-08:00,0,3
style.css,160,css,abbaf6dd,Marguerite Church,2025-01-17,17:21:08,-08:00,2025-01-17T17:21:08-08:00,0,14
style.css,161,css,abbaf6dd,Marguerite Church,2025-01-17,17:21:08,-08:00,2025-01-17T17:21:08-08:00,0,0
style.css,162,css,abbaf6dd,Marguerite Church,2025-01-17,17:21:08,-08:00,2025-01-17T17:21:08-08:00,0,0
style.css,163,css,abbaf6dd,Marguerite Church,2025-01-17,17:21:08,-08:00,2025-01-17T17:21:08-08:00,0,0
style.css,164,css,abbaf6dd,Marguerite Church,2025-01-17,17:21:08,-08:00,2025-01-17T17:21:08-08:00,0,0
style.css,165,css,abbaf6dd,Marguerite Church,2025-01-17,17:21:08,-08:00,2025-01-17T17:21:08-08:00,0,0
style.css,166,css,81f54efa,Marguerite Church,2025-01-23,12:31:29,-08:00,2025-01-23T12:31:29-08:00,0,19
style.css,167,css,81f54efa,Marguerite Church,2025-01-23,12:31:29,-08:00,2025-01-23T12:31:29-08:00,0,18
style.css,168,css,81f54efa,Marguerite Church,2025-01-23,12:31:29,-08:00,2025-01-23T12:31:29-08:00,0,9
style.css,169,css,81f54efa,Marguerite Church,2025-01-23,12:31:29,-08:00,2025-01-23T12:31:29-08:00,0,11
style.css,170,css,81f54efa,Marguerite Church,2025-01-23,12:31:29,-08:00,2025-01-23T12:31:29-08:00,0,14
style.css,171,css,81f54efa,Marguerite Church,2025-01-23,12:31:29,-08:00,2025-01-23T12:31:29-08:00,0,20
style.css,172,css,81f54efa,Marguerite Church,2025-01-23,12:31:29,-08:00,2025-01-23T12:31:29-08:00,0,0
style.css,173,css,81f54efa,Marguerite Church,2025-01-23,12:31:29,-08:00,2025-01-23T12:31:29-08:00,0,0
style.css,174,css,5e5e922e,Marguerite Church,2025-02-06,11:27:43,-08:00,2025-02-06T11:27:43-08:00,0,19
style.css,175,css,5e5e922e,Marguerite Church,2025-02-06,11:27:43,-08:00,2025-02-06T11:27:43-08:00,0,15
style.css,176,css,5e5e922e,Marguerite Church,2025-02-06,11:27:43,-08:00,2025-02-06T11:27:43-08:00,0,17
style.css,177,css,5e5e922e,Marguerite Church,2025-02-06,11:27:43,-08:00,2025-02-06T11:27:43-08:00,0,0
style.css,178,css,5e5e922e,Marguerite Church,2025-02-06,11:27:43,-08:00,2025-02-06T11:27:43-08:00,0,17
style.css,179,css,5e5e922e,Marguerite Church,2025-02-06,11:27:43,-08:00,2025-02-06T11:27:43-08:00,0,0
style.css,180,css,5e5e922e,Marguerite Church,2025-02-06,11:27:43,-08:00,2025-02-06T11:27:43-08:00,0,0
style.css,181,css,5e5e922e,Marguerite Church,2025-02-06,11:27:43,-08:00,2025-02-06T11:27:43-08:00,0,0
style.css,182,css,5e5e922e,Marguerite Church,2025-02-06,11:27:43,-08:00,2025-02-06T11:27:43-08:00,0,11
style.css,183,css,5e5e922e,Marguerite Church,2025-02-06,11:27:43,-08:00,2025-02-06T11:27:43-08:00,0,13
style.css,184,css,5e5e922e,Marguerite Church,2025-02-06,11:27:43,-08:00,2025-02-06T11:27:43-08:00,0,7
style.css,185,css,e4092812,Marguerite Church,2025-02-07,18:12:03,-08:00,2025-02-07T18:12:03-08:00,0,54
style.css,186,css,e4092812,Marguerite Church,2025-02-07,18:12:03,-08:00,2025-02-07T18:12:03-08:00,0,64
style.css,187,css,e4092812,Marguerite Church,2025-02-07,18:12:03,-08:00,2025-02-07T18:12:03-08:00,0,23
style.css,188,css,e4092812,Marguerite Church,2025-02-07,18:12:03,-08:00,2025-02-07T18:12:03-08:00,0,46
style.css,189,css,e4092812,Marguerite Church,2025-02-07,18:12:03,-08:00,2025-02-07T18:12:03-08:00,0,55
style.css,190,css,e4092812,Marguerite Church,2025-02-07,18:12:03,-08:00,2025-02-07T18:12:03-08:00,0,42
style.css,191,css,e4092812,Marguerite Church,2025-02-07,18:12:03,-08:00,2025-02-07T18:12:03-08:00,0,19
style.css,192,css,5e5e922e,Marguerite Church,2025-02-06,11:27:43,-08:00,2025-02-06T11:27:43-08:00,0,8
style.css,193,css,e4092812,Marguerite Church,2025-02-07,18:12:03,-08:00,2025-02-07T18:12:03-08:00,0,18
style.css,194,css,e4092812,Marguerite Church,2025-02-07,18:12:03,-08:00,2025-02-07T18:12:03-08:00,0,13
style.css,195,css,5e5e922e,Marguerite Church,2025-02-06,11:27:43,-08:00,2025-02-06T11:27:43-08:00,0,58
style.css,196,css,5e5e922e,Marguerite Church,2025-02-06,11:27:43,-08:00,2025-02-06T11:27:43-08:00,0,51
style.css,197,css,5e5e922e,Marguerite Church,2025-02-06,11:27:43,-08:00,2025-02-06T11:27:43-08:00,0,16
style.css,198,css,e4092812,Marguerite Church,2025-02-07,18:12:03,-08:00,2025-02-07T18:12:03-08:00,0,13
style.css,199,css,5e5e922e,Marguerite Church,2025-02-06,11:27:43,-08:00,2025-02-06T11:27:43-08:00,0,9
style.css,200,css,e4092812,Marguerite Church,2025-02-07,18:12:03,-08:00,2025-02-07T18:12:03-08:00,0,23
style.css,201,css,5e5e922e,Marguerite Church,2025-02-06,11:27:43,-08:00,2025-02-06T11:27:43-08:00,0,18
style.css,202,css,e4092812,Marguerite Church,2025-02-07,18:12:03,-08:00,2025-02-07T18:12:03-08:00,0,11
style.css,203,css,5e5e922e,Marguerite Church,2025-02-06,11:27:43,-08:00,2025-02-06T11:27:43-08:00,0,3
style.css,204,css,5e5e922e,Marguerite Church,2025-02-06,11:27:43,-08:00,2025-02-06T11:27:43-08:00,0,13
style.css,205,css,5e5e922e,Marguerite Church,2025-02-06,11:27:43,-08:00,2025-02-06T11:27:43-08:00,0,19
style.css,206,css,5e5e922e,Marguerite Church,2025-02-06,11:27:43,-08:00,2025-02-06T11:27:43-08:00,0,11
style.css,207,css,5e5e922e,Marguerite Church,2025-02-06,11:27:43,-08:00,2025-02-06T11:27:43-08:00,0,8
style.css,208,css,5e5e922e,Marguerite Church,2025-02-06,11:27:43,-08:00,2025-02-06T11:27:43-08:00,0,10
style.css,209,css,5e5e922e,Marguerite Church,2025-02-06,11:27:43,-08:00,2025-02-06T11:27:43-08:00,0,11
style.css,210,css,5e5e922e,Marguerite Church,2025-02-06,11:27:43,-08:00,2025-02-06T11:27:43-08:00,0,50
style.css,211,css,5e5e922e,Marguerite Church,2025-02-06,11:27:43,-08:00,2025-02-06T11:27:43-08:00,0,30
style.css,212,css,5e5e922e,Marguerite Church,2025-02-06,11:27:43,-08:00,2025-02-06T11:27:43-08:00,0,21
style.css,213,css,5e5e922e,Marguerite Church,2025-02-06,11:27:43,-08:00,2025-02-06T11:27:43-08:00,0,18
style.css,214,css,5e5e922e,Marguerite Church,2025-02-06,11:27:43,-08:00,2025-02-06T11:27:43-08:00,0,0
style.css,215,css,5e5e922e,Marguerite Church,2025-02-06,11:27:43,-08:00,2025-02-06T11:27:43-08:00,0,0
style.css,216,css,5e5e922e,Marguerite Church,2025-02-06,11:27:43,-08:00,2025-02-06T11:27:43-08:00,0,0
style.css,217,css,5e5e922e,Marguerite Church,2025-02-06,11:27:43,-08:00,2025-02-06T11:27:43-08:00,0,0
style.css,218,css,5e5e922e,Marguerite Church,2025-02-06,11:27:43,-08:00,2025-02-06T11:27:43-08:00,0,0
style.css,219,css,e4092812,Marguerite Church,2025-02-07,18:12:03,-08:00,2025-02-07T18:12:03-08:00,0,11
style.css,220,css,e4092812,Marguerite Church,2025-02-07,18:12:03,-08:00,2025-02-07T18:12:03-08:00,0,61
style.css,221,css,e4092812,Marguerite Church,2025-02-07,18:12:03,-08:00,2025-02-07T18:12:03-08:00,0,62
style.css,222,css,e4092812,Marguerite Church,2025-02-07,18:12:03,-08:00,2025-02-07T18:12:03-08:00,0,34
style.css,223,css,e4092812,Marguerite Church,2025-02-07,18:12:03,-08:00,2025-02-07T18:12:03-08:00,0,58
style.css,224,css,e4092812,Marguerite Church,2025-02-07,18:12:03,-08:00,2025-02-07T18:12:03-08:00,0,40
style.css,225,css,e4092812,Marguerite Church,2025-02-07,18:12:03,-08:00,2025-02-07T18:12:03-08:00,0,42
style.css,226,css,e4092812,Marguerite Church,2025-02-07,18:12:03,-08:00,2025-02-07T18:12:03-08:00,0,49
style.css,227,css,e4092812,Marguerite Church,2025-02-07,18:12:03,-08:00,2025-02-07T18:12:03-08:00,0,48
style.css,228,css,e4092812,Marguerite Church,2025-02-07,18:12:03,-08:00,2025-02-07T18:12:03-08:00,0,41
style.css,229,css,e4092812,Marguerite Church,2025-02-07,18:12:03,-08:00,2025-02-07T18:12:03-08:00,0,43
style.css,230,css,e4092812,Marguerite Church,2025-02-07,18:12:03,-08:00,2025-02-07T18:12:03-08:00,0,46
style.css,231,css,e4092812,Marguerite Church,2025-02-07,18:12:03,-08:00,2025-02-07T18:12:03-08:00,0,0
style.css,232,css,e4092812,Marguerite Church,2025-02-07,18:12:03,-08:00,2025-02-07T18:12:03-08:00,0,0
style.css,233,css,e4092812,Marguerite Church,2025-02-07,18:12:03,-08:00,2025-02-07T18:12:03-08:00,0,18
style.css,234,css,e4092812,Marguerite Church,2025-02-07,18:12:03,-08:00,2025-02-07T18:12:03-08:00,0,17
style.css,235,css,e4092812,Marguerite Church,2025-02-07,18:12:03,-08:00,2025-02-07T18:12:03-08:00,0,12
style.css,236,css,e4092812,Marguerite Church,2025-02-07,18:12:03,-08:00,2025-02-07T18:12:03-08:00,0,0
style.css,237,css,e4092812,Marguerite Church,2025-02-07,18:12:03,-08:00,2025-02-07T18:12:03-08:00,0,0
style.css,238,css,e4092812,Marguerite Church,2025-02-07,18:12:03,-08:00,2025-02-07T18:12:03-08:00,0,5
style.css,239,css,e4092812,Marguerite Church,2025-02-07,18:12:03,-08:00,2025-02-07T18:12:03-08:00,0,17
style.css,240,css,e4092812,Marguerite Church,2025-02-07,18:12:03,-08:00,2025-02-07T18:12:03-08:00,0,0
style.css,241,css,e4092812,Marguerite Church,2025-02-07,18:12:03,-08:00,2025-02-07T18:12:03-08:00,0,0
style.css,242,css,e4092812,Marguerite Church,2025-02-07,18:12:03,-08:00,2025-02-07T18:12:03-08:00,0,10
style.css,243,css,e4092812,Marguerite Church,2025-02-07,18:12:03,-08:00,2025-02-07T18:12:03-08:00,0,46
style.css,244,css,e4092812,Marguerite Church,2025-02-07,18:12:03,-08:00,2025-02-07T18:12:03-08:00,0,0
style.css,245,css,e4092812,Marguerite Church,2025-02-07,18:12:03,-08:00,2025-02-07T18:12:03-08:00,0,11
style.css,246,css,e4092812,Marguerite Church,2025-02-07,18:12:03,-08:00,2025-02-07T18:12:03-08:00,0,18
style.css,247,css,e4092812,Marguerite Church,2025-02-07,18:12:03,-08:00,2025-02-07T18:12:03-08:00,0,0
style.css,248,css,e4092812,Marguerite Church,2025-02-07,18:12:03,-08:00,2025-02-07T18:12:03-08:00,0,0
style.css,249,css,e4092812,Marguerite Church,2025-02-07,18:12:03,-08:00,2025-02-07T18:12:03-08:00,0,0
style.css,250,css,e4092812,Marguerite Church,2025-02-07,18:12:03,-08:00,2025-02-07T18:12:03-08:00,0,5
style.css,251,css,e4092812,Marguerite Church,2025-02-07,18:12:03,-08:00,2025-02-07T18:12:03-08:00,0,15
style.css,252,css,e4092812,Marguerite Church,2025-02-07,18:12:03,-08:00,2025-02-07T18:12:03-08:00,0,0
style.css,253,css,e4092812,Marguerite Church,2025-02-07,18:12:03,-08:00,2025-02-07T18:12:03-08:00,0,0
style.css,254,css,e4092812,Marguerite Church,2025-02-07,18:12:03,-08:00,2025-02-07T18:12:03-08:00,0,0
style.css,255,css,e4092812,Marguerite Church,2025-02-07,18:12:03,-08:00,2025-02-07T18:12:03-08:00,0,0
style.css,256,css,5e5e922e,Marguerite Church,2025-02-06,11:27:43,-08:00,2025-02-06T11:27:43-08:00,0,0
index.js,1,js,58afe94b,Marguerite Church,2025-01-30,14:38:39,-08:00,2025-01-30T14:38:39-08:00,0,72
index.js,2,js,58afe94b,Marguerite Church,2025-01-30,14:38:39,-08:00,2025-01-30T14:38:39-08:00,0,0
index.js,3,js,58afe94b,Marguerite Church,2025-01-30,14:38:39,-08:00,2025-01-30T14:38:39-08:00,0,55
index.js,4,js,58afe94b,Marguerite Church,2025-01-30,14:38:39,-08:00,2025-01-30T14:38:39-08:00,0,43
index.js,5,js,58afe94b,Marguerite Church,2025-01-30,14:38:39,-08:00,2025-01-30T14:38:39-08:00,0,0
index.js,6,js,58afe94b,Marguerite Church,2025-01-30,14:38:39,-08:00,2025-01-30T14:38:39-08:00,0,61
index.js,7,js,58afe94b,Marguerite Church,2025-01-30,14:38:39,-08:00,2025-01-30T14:38:39-08:00,0,0
index.js,8,js,58afe94b,Marguerite Church,2025-01-30,14:38:39,-08:00,2025-01-30T14:38:39-08:00,0,55
index.js,9,js,58afe94b,Marguerite Church,2025-01-30,14:38:39,-08:00,2025-01-30T14:38:39-08:00,0,0
index.js,10,js,58afe94b,Marguerite Church,2025-01-30,14:38:39,-08:00,2025-01-30T14:38:39-08:00,0,52
index.js,11,js,58afe94b,Marguerite Church,2025-01-30,14:38:39,-08:00,2025-01-30T14:38:39-08:00,0,0
index.js,12,js,58afe94b,Marguerite Church,2025-01-30,14:38:39,-08:00,2025-01-30T14:38:39-08:00,0,61
index.js,13,js,58afe94b,Marguerite Church,2025-01-30,14:38:39,-08:00,2025-01-30T14:38:39-08:00,0,0
index.js,14,js,58afe94b,Marguerite Church,2025-01-30,14:38:39,-08:00,2025-01-30T14:38:39-08:00,0,18
index.js,15,js,58afe94b,Marguerite Church,2025-01-30,14:38:39,-08:00,2025-01-30T14:38:39-08:00,0,25
index.js,16,js,58afe94b,Marguerite Church,2025-01-30,14:38:39,-08:00,2025-01-30T14:38:39-08:00,0,20
index.js,17,js,58afe94b,Marguerite Church,2025-01-30,14:38:39,-08:00,2025-01-30T14:38:39-08:00,0,24
index.js,18,js,58afe94b,Marguerite Church,2025-01-30,14:38:39,-08:00,2025-01-30T14:38:39-08:00,0,56
index.js,19,js,58afe94b,Marguerite Church,2025-01-30,14:38:39,-08:00,2025-01-30T14:38:39-08:00,0,56
index.js,20,js,58afe94b,Marguerite Church,2025-01-30,14:38:39,-08:00,2025-01-30T14:38:39-08:00,0,50
index.js,21,js,58afe94b,Marguerite Church,2025-01-30,14:38:39,-08:00,2025-01-30T14:38:39-08:00,0,50
index.js,22,js,58afe94b,Marguerite Church,2025-01-30,14:38:39,-08:00,2025-01-30T14:38:39-08:00,0,4
index.js,23,js,58afe94b,Marguerite Church,2025-01-30,14:38:39,-08:00,2025-01-30T14:38:39-08:00,0,0
index.js,24,js,58afe94b,Marguerite Church,2025-01-30,14:38:39,-08:00,2025-01-30T14:38:39-08:00,0,6
index.js,25,js,58afe94b,Marguerite Church,2025-01-30,14:38:39,-08:00,2025-01-30T14:38:39-08:00,0,14
index.js,26,js,58afe94b,Marguerite Church,2025-01-30,14:38:39,-08:00,2025-01-30T14:38:39-08:00,0,13
index.js,27,js,58afe94b,Marguerite Church,2025-01-30,14:38:39,-08:00,2025-01-30T14:38:39-08:00,0,37
index.js,28,js,58afe94b,Marguerite Church,2025-01-30,14:38:39,-08:00,2025-01-30T14:38:39-08:00,0,0
index.js,29,js,58afe94b,Marguerite Church,2025-01-30,14:38:39,-08:00,2025-01-30T14:38:39-08:00,0,0
index.js,30,js,58afe94b,Marguerite Church,2025-01-30,14:38:39,-08:00,2025-01-30T14:38:39-08:00,0,17
index.js,31,js,58afe94b,Marguerite Church,2025-01-30,14:38:39,-08:00,2025-01-30T14:38:39-08:00,0,11
index.js,32,js,58afe94b,Marguerite Church,2025-01-30,14:38:39,-08:00,2025-01-30T14:38:39-08:00,0,17
index.js,33,js,58afe94b,Marguerite Church,2025-01-30,14:38:39,-08:00,2025-01-30T14:38:39-08:00,0,0
index.js,34,js,58afe94b,Marguerite Church,2025-01-30,14:38:39,-08:00,2025-01-30T14:38:39-08:00,0,0
index.js,35,js,58afe94b,Marguerite Church,2025-01-30,14:38:39,-08:00,2025-01-30T14:38:39-08:00,0,17
index.js,36,js,58afe94b,Marguerite Church,2025-01-30,14:38:39,-08:00,2025-01-30T14:38:39-08:00,0,11
index.js,37,js,58afe94b,Marguerite Church,2025-01-30,14:38:39,-08:00,2025-01-30T14:38:39-08:00,0,9
index.js,38,js,58afe94b,Marguerite Church,2025-01-30,14:38:39,-08:00,2025-01-30T14:38:39-08:00,0,0
index.js,39,js,58afe94b,Marguerite Church,2025-01-30,14:38:39,-08:00,2025-01-30T14:38:39-08:00,0,7
index.js,40,js,58afe94b,Marguerite Church,2025-01-30,14:38:39,-08:00,2025-01-30T14:38:39-08:00,0,1
index.js,41,js,58afe94b,Marguerite Church,2025-01-30,14:38:39,-08:00,2025-01-30T14:38:39-08:00,0,0
index.html,1,html,c7ed82f2,Marguerite Church,2025-01-09,12:18:09,-08:00,2025-01-09T12:18:09-08:00,0,14
index.html,2,html,81f54efa,Marguerite Church,2025-01-23,12:31:29,-08:00,2025-01-23T12:31:29-08:00,0,28
index.html,3,html,c7ed82f2,Marguerite Church,2025-01-09,12:18:09,-08:00,2025-01-09T12:18:09-08:00,0,5
index.html,4,html,c7ed82f2,Marguerite Church,2025-01-09,12:18:09,-08:00,2025-01-09T12:18:09-08:00,0,21
index.html,5,html,c7ed82f2,Marguerite Church,2025-01-09,12:18:09,-08:00,2025-01-09T12:18:09-08:00,0,69
index.html,6,html,c7ed82f2,Marguerite Church,2025-01-09,12:18:09,-08:00,2025-01-09T12:18:09-08:00,0,60
index.html,7,html,63e26810,Marguerite Church,2025-01-10,13:02:50,-08:00,2025-01-10T13:02:50-08:00,0,39
index.html,8,html,81f54efa,Marguerite Church,2025-01-23,12:31:29,-08:00,2025-01-23T12:31:29-08:00,0,46
index.html,9,html,58afe94b,Marguerite Church,2025-01-30,14:38:39,-08:00,2025-01-30T14:38:39-08:00,0,51
index.html,10,html,c7ed82f2,Marguerite Church,2025-01-09,12:18:09,-08:00,2025-01-09T12:18:09-08:00,0,6
index.html,11,html,c7ed82f2,Marguerite Church,2025-01-09,12:18:09,-08:00,2025-01-09T12:18:09-08:00,0,5
index.html,12,html,c7ed82f2,Marguerite Church,2025-01-09,12:18:09,-08:00,2025-01-09T12:18:09-08:00,0,25
index.html,13,html,13576143,Marguerite Church,2025-01-09,14:50:57,-08:00,2025-01-09T14:50:57-08:00,0,81
index.html,14,html,c8ab21a4,Marguerite Church,2025-01-10,12:57:40,-08:00,2025-01-10T12:57:40-08:00,0,66
index.html,15,html,cecac6e5,Marguerite Church,2025-01-09,12:59:11,-08:00,2025-01-09T12:59:11-08:00,0,28
index.html,16,html,58afe94b,Marguerite Church,2025-01-30,14:38:39,-08:00,2025-01-30T14:38:39-08:00,0,23
index.html,17,html,58afe94b,Marguerite Church,2025-01-30,14:38:39,-08:00,2025-01-30T14:38:39-08:00,0,21
index.html,18,html,58afe94b,Marguerite Church,2025-01-30,14:38:39,-08:00,2025-01-30T14:38:39-08:00,0,50
index.html,19,html,58afe94b,Marguerite Church,2025-01-30,14:38:39,-08:00,2025-01-30T14:38:39-08:00,0,5
index.html,20,html,58afe94b,Marguerite Church,2025-01-30,14:38:39,-08:00,2025-01-30T14:38:39-08:00,0,31
index.html,21,html,c7ed82f2,Marguerite Church,2025-01-09,12:18:09,-08:00,2025-01-09T12:18:09-08:00,0,6
index.html,22,html,c7ed82f2,Marguerite Church,2025-01-09,12:18:09,-08:00,2025-01-09T12:18:09-08:00,0,6
global.js,1,js,81f54efa,Marguerite Church,2025-01-23,12:31:29,-08:00,2025-01-23T12:31:29-08:00,0,26
global.js,2,js,81f54efa,Marguerite Church,2025-01-23,12:31:29,-08:00,2025-01-23T12:31:29-08:00,0,0
global.js,3,js,81f54efa,Marguerite Church,2025-01-23,12:31:29,-08:00,2025-01-23T12:31:29-08:00,0,42
global.js,4,js,81f54efa,Marguerite Church,2025-01-23,12:31:29,-08:00,2025-01-23T12:31:29-08:00,0,53
global.js,5,js,81f54efa,Marguerite Church,2025-01-23,12:31:29,-08:00,2025-01-23T12:31:29-08:00,0,0
global.js,6,js,81f54efa,Marguerite Church,2025-01-23,12:31:29,-08:00,2025-01-23T12:31:29-08:00,0,0
global.js,7,js,81f54efa,Marguerite Church,2025-01-23,12:31:29,-08:00,2025-01-23T12:31:29-08:00,0,28
global.js,8,js,81f54efa,Marguerite Church,2025-01-23,12:31:29,-08:00,2025-01-23T12:31:29-08:00,0,0
global.js,9,js,81f54efa,Marguerite Church,2025-01-23,12:31:29,-08:00,2025-01-23T12:31:29-08:00,0,34
global.js,10,js,81f54efa,Marguerite Church,2025-01-23,12:31:29,-08:00,2025-01-23T12:31:29-08:00,0,71
global.js,11,js,81f54efa,Marguerite Church,2025-01-23,12:31:29,-08:00,2025-01-23T12:31:29-08:00,0,4
global.js,12,js,81f54efa,Marguerite Church,2025-01-23,12:31:29,-08:00,2025-01-23T12:31:29-08:00,0,0
global.js,13,js,81f54efa,Marguerite Church,2025-01-23,12:31:29,-08:00,2025-01-23T12:31:29-08:00,0,40
global.js,14,js,81f54efa,Marguerite Church,2025-01-23,12:31:29,-08:00,2025-01-23T12:31:29-08:00,0,0
global.js,15,js,81f54efa,Marguerite Church,2025-01-23,12:31:29,-08:00,2025-01-23T12:31:29-08:00,0,12
global.js,16,js,81f54efa,Marguerite Church,2025-01-23,12:31:29,-08:00,2025-01-23T12:31:29-08:00,0,26
global.js,17,js,81f54efa,Marguerite Church,2025-01-23,12:31:29,-08:00,2025-01-23T12:31:29-08:00,0,49
global.js,18,js,81f54efa,Marguerite Church,2025-01-23,12:31:29,-08:00,2025-01-23T12:31:29-08:00,0,44
global.js,19,js,ed36eb1a,Marguerite Church,2025-02-12,12:12:50,-08:00,2025-02-12T12:12:50-08:00,0,39
global.js,20,js,81f54efa,Marguerite Church,2025-01-23,12:31:29,-08:00,2025-01-23T12:31:29-08:00,0,45
global.js,21,js,81f54efa,Marguerite Church,2025-01-23,12:31:29,-08:00,2025-01-23T12:31:29-08:00,0,52
global.js,22,js,81f54efa,Marguerite Church,2025-01-23,12:31:29,-08:00,2025-01-23T12:31:29-08:00,0,1
global.js,23,js,81f54efa,Marguerite Church,2025-01-23,12:31:29,-08:00,2025-01-23T12:31:29-08:00,0,0
global.js,24,js,81f54efa,Marguerite Church,2025-01-23,12:31:29,-08:00,2025-01-23T12:31:29-08:00,0,39
global.js,25,js,81f54efa,Marguerite Church,2025-01-23,12:31:29,-08:00,2025-01-23T12:31:29-08:00,0,26
global.js,26,js,81f54efa,Marguerite Church,2025-01-23,12:31:29,-08:00,2025-01-23T12:31:29-08:00,0,0
global.js,27,js,81f54efa,Marguerite Church,2025-01-23,12:31:29,-08:00,2025-01-23T12:31:29-08:00,0,21
global.js,28,js,81f54efa,Marguerite Church,2025-01-23,12:31:29,-08:00,2025-01-23T12:31:29-08:00,0,15
global.js,29,js,81f54efa,Marguerite Church,2025-01-23,12:31:29,-08:00,2025-01-23T12:31:29-08:00,0,71
global.js,30,js,81f54efa,Marguerite Church,2025-01-23,12:31:29,-08:00,2025-01-23T12:31:29-08:00,0,65
global.js,31,js,81f54efa,Marguerite Church,2025-01-23,12:31:29,-08:00,2025-01-23T12:31:29-08:00,0,19
global.js,32,js,81f54efa,Marguerite Church,2025-01-23,12:31:29,-08:00,2025-01-23T12:31:29-08:00,0,35
global.js,33,js,81f54efa,Marguerite Church,2025-01-23,12:31:29,-08:00,2025-01-23T12:31:29-08:00,0,12
global.js,34,js,81f54efa,Marguerite Church,2025-01-23,12:31:29,-08:00,2025-01-23T12:31:29-08:00,0,21
global.js,35,js,81f54efa,Marguerite Church,2025-01-23,12:31:29,-08:00,2025-01-23T12:31:29-08:00,0,13
global.js,36,js,81f54efa,Marguerite Church,2025-01-23,12:31:29,-08:00,2025-01-23T12:31:29-08:00,0,66
global.js,37,js,81f54efa,Marguerite Church,2025-01-23,12:31:29,-08:00,2025-01-23T12:31:29-08:00,0,26
global.js,38,js,81f54efa,Marguerite Church,2025-01-23,12:31:29,-08:00,2025-01-23T12:31:29-08:00,0,0
global.js,39,js,81f54efa,Marguerite Church,2025-01-23,12:31:29,-08:00,2025-01-23T12:31:29-08:00,0,29
global.js,40,js,81f54efa,Marguerite Church,2025-01-23,12:31:29,-08:00,2025-01-23T12:31:29-08:00,0,18
global.js,41,js,81f54efa,Marguerite Church,2025-01-23,12:31:29,-08:00,2025-01-23T12:31:29-08:00,0,0
global.js,42,js,81f54efa,Marguerite Church,2025-01-23,12:31:29,-08:00,2025-01-23T12:31:29-08:00,0,0
global.js,43,js,81f54efa,Marguerite Church,2025-01-23,12:31:29,-08:00,2025-01-23T12:31:29-08:00,0,0
global.js,44,js,81f54efa,Marguerite Church,2025-01-23,12:31:29,-08:00,2025-01-23T12:31:29-08:00,0,32
global.js,45,js,81f54efa,Marguerite Church,2025-01-23,12:31:29,-08:00,2025-01-23T12:31:29-08:00,0,12
global.js,46,js,81f54efa,Marguerite Church,2025-01-23,12:31:29,-08:00,2025-01-23T12:31:29-08:00,0,0
global.js,47,js,81f54efa,Marguerite Church,2025-01-23,12:31:29,-08:00,2025-01-23T12:31:29-08:00,0,27
global.js,48,js,81f54efa,Marguerite Church,2025-01-23,12:31:29,-08:00,2025-01-23T12:31:29-08:00,0,5
global.js,49,js,81f54efa,Marguerite Church,2025-01-23,12:31:29,-08:00,2025-01-23T12:31:29-08:00,0,21
global.js,50,js,81f54efa,Marguerite Church,2025-01-23,12:31:29,-08:00,2025-01-23T12:31:29-08:00,0,48
global.js,51,js,81f54efa,Marguerite Church,2025-01-23,12:31:29,-08:00,2025-01-23T12:31:29-08:00,0,44
global.js,52,js,81f54efa,Marguerite Church,2025-01-23,12:31:29,-08:00,2025-01-23T12:31:29-08:00,0,42
global.js,53,js,81f54efa,Marguerite Church,2025-01-23,12:31:29,-08:00,2025-01-23T12:31:29-08:00,0,8
global.js,54,js,81f54efa,Marguerite Church,2025-01-23,12:31:29,-08:00,2025-01-23T12:31:29-08:00,0,8
global.js,55,js,81f54efa,Marguerite Church,2025-01-23,12:31:29,-08:00,2025-01-23T12:31:29-08:00,0,1
global.js,56,js,81f54efa,Marguerite Church,2025-01-23,12:31:29,-08:00,2025-01-23T12:31:29-08:00,0,0
global.js,57,js,81f54efa,Marguerite Church,2025-01-23,12:31:29,-08:00,2025-01-23T12:31:29-08:00,0,42
global.js,58,js,81f54efa,Marguerite Church,2025-01-23,12:31:29,-08:00,2025-01-23T12:31:29-08:00,0,0
global.js,59,js,81f54efa,Marguerite Church,2025-01-23,12:31:29,-08:00,2025-01-23T12:31:29-08:00,0,50
global.js,60,js,81f54efa,Marguerite Church,2025-01-23,12:31:29,-08:00,2025-01-23T12:31:29-08:00,0,58
global.js,61,js,81f54efa,Marguerite Church,2025-01-23,12:31:29,-08:00,2025-01-23T12:31:29-08:00,0,78
global.js,62,js,81f54efa,Marguerite Church,2025-01-23,12:31:29,-08:00,2025-01-23T12:31:29-08:00,0,45
global.js,63,js,81f54efa,Marguerite Church,2025-01-23,12:31:29,-08:00,2025-01-23T12:31:29-08:00,0,2
global.js,64,js,81f54efa,Marguerite Church,2025-01-23,12:31:29,-08:00,2025-01-23T12:31:29-08:00,0,0
global.js,65,js,5e1e71a3,Marguerite Church,2025-01-24,18:48:47,-08:00,2025-01-24T18:48:47-08:00,0,35
global.js,66,js,5e1e71a3,Marguerite Church,2025-01-24,18:48:47,-08:00,2025-01-24T18:48:47-08:00,0,38
global.js,67,js,5e1e71a3,Marguerite Church,2025-01-24,18:48:47,-08:00,2025-01-24T18:48:47-08:00,0,65
global.js,68,js,5e1e71a3,Marguerite Church,2025-01-24,18:48:47,-08:00,2025-01-24T18:48:47-08:00,0,20
global.js,69,js,5e1e71a3,Marguerite Church,2025-01-24,18:48:47,-08:00,2025-01-24T18:48:47-08:00,0,0
global.js,70,js,5e1e71a3,Marguerite Church,2025-01-24,18:48:47,-08:00,2025-01-24T18:48:47-08:00,0,0
global.js,71,js,58afe94b,Marguerite Church,2025-01-30,14:38:39,-08:00,2025-01-30T14:38:39-08:00,0,62
global.js,72,js,58afe94b,Marguerite Church,2025-01-30,14:38:39,-08:00,2025-01-30T14:38:39-08:00,0,4
global.js,73,js,58afe94b,Marguerite Church,2025-01-30,14:38:39,-08:00,2025-01-30T14:38:39-08:00,0,40
global.js,74,js,58afe94b,Marguerite Church,2025-01-30,14:38:39,-08:00,2025-01-30T14:38:39-08:00,0,33
global.js,75,js,58afe94b,Marguerite Church,2025-01-30,14:38:39,-08:00,2025-01-30T14:38:39-08:00,0,18
global.js,76,js,58afe94b,Marguerite Church,2025-01-30,14:38:39,-08:00,2025-01-30T14:38:39-08:00,0,67
global.js,77,js,58afe94b,Marguerite Church,2025-01-30,14:38:39,-08:00,2025-01-30T14:38:39-08:00,0,0
global.js,78,js,58afe94b,Marguerite Church,2025-01-30,14:38:39,-08:00,2025-01-30T14:38:39-08:00,0,34
global.js,79,js,58afe94b,Marguerite Church,2025-01-30,14:38:39,-08:00,2025-01-30T14:38:39-08:00,0,11
global.js,80,js,5e1e71a3,Marguerite Church,2025-01-24,18:48:47,-08:00,2025-01-24T18:48:47-08:00,0,0
global.js,81,js,5e1e71a3,Marguerite Church,2025-01-24,18:48:47,-08:00,2025-01-24T18:48:47-08:00,0,0
global.js,82,js,58afe94b,Marguerite Church,2025-01-30,14:38:39,-08:00,2025-01-30T14:38:39-08:00,0,16
global.js,83,js,58afe94b,Marguerite Church,2025-01-30,14:38:39,-08:00,2025-01-30T14:38:39-08:00,0,60
global.js,84,js,58afe94b,Marguerite Church,2025-01-30,14:38:39,-08:00,2025-01-30T14:38:39-08:00,0,0
global.js,85,js,58afe94b,Marguerite Church,2025-01-30,14:38:39,-08:00,2025-01-30T14:38:39-08:00,0,0
global.js,86,js,58afe94b,Marguerite Church,2025-01-30,14:38:39,-08:00,2025-01-30T14:38:39-08:00,0,0
global.js,87,js,58afe94b,Marguerite Church,2025-01-30,14:38:39,-08:00,2025-01-30T14:38:39-08:00,0,0
global.js,88,js,58afe94b,Marguerite Church,2025-01-30,14:38:39,-08:00,2025-01-30T14:38:39-08:00,0,79
global.js,89,js,58afe94b,Marguerite Church,2025-01-30,14:38:39,-08:00,2025-01-30T14:38:39-08:00,0,24
global.js,90,js,58afe94b,Marguerite Church,2025-01-30,14:38:39,-08:00,2025-01-30T14:38:39-08:00,0,31
global.js,91,js,58afe94b,Marguerite Church,2025-01-30,14:38:39,-08:00,2025-01-30T14:38:39-08:00,0,25
global.js,92,js,58afe94b,Marguerite Church,2025-01-30,14:38:39,-08:00,2025-01-30T14:38:39-08:00,0,49
global.js,93,js,58afe94b,Marguerite Church,2025-01-30,14:38:39,-08:00,2025-01-30T14:38:39-08:00,0,20
global.js,94,js,58afe94b,Marguerite Church,2025-01-30,14:38:39,-08:00,2025-01-30T14:38:39-08:00,0,18
global.js,95,js,58afe94b,Marguerite Church,2025-01-30,14:38:39,-08:00,2025-01-30T14:38:39-08:00,0,63
global.js,96,js,58afe94b,Marguerite Church,2025-01-30,14:38:39,-08:00,2025-01-30T14:38:39-08:00,0,17
global.js,97,js,58afe94b,Marguerite Church,2025-01-30,14:38:39,-08:00,2025-01-30T14:38:39-08:00,0,24
global.js,98,js,58afe94b,Marguerite Church,2025-01-30,14:38:39,-08:00,2025-01-30T14:38:39-08:00,0,37
global.js,99,js,58afe94b,Marguerite Church,2025-01-30,14:38:39,-08:00,2025-01-30T14:38:39-08:00,0,0
global.js,100,js,58afe94b,Marguerite Church,2025-01-30,14:38:39,-08:00,2025-01-30T14:38:39-08:00,0,0
global.js,101,js,58afe94b,Marguerite Church,2025-01-30,14:38:39,-08:00,2025-01-30T14:38:39-08:00,0,0
global.js,102,js,58afe94b,Marguerite Church,2025-01-30,14:38:39,-08:00,2025-01-30T14:38:39-08:00,0,48
global.js,103,js,58afe94b,Marguerite Church,2025-01-30,14:38:39,-08:00,2025-01-30T14:38:39-08:00,0,23
global.js,104,js,58afe94b,Marguerite Church,2025-01-30,14:38:39,-08:00,2025-01-30T14:38:39-08:00,0,60
global.js,105,js,58afe94b,Marguerite Church,2025-01-30,14:38:39,-08:00,2025-01-30T14:38:39-08:00,0,0
resume/index.html,1,html,13576143,Marguerite Church,2025-01-09,14:50:57,-08:00,2025-01-09T14:50:57-08:00,0,14
resume/index.html,2,html,13576143,Marguerite Church,2025-01-09,14:50:57,-08:00,2025-01-09T14:50:57-08:00,0,15
resume/index.html,3,html,13576143,Marguerite Church,2025-01-09,14:50:57,-08:00,2025-01-09T14:50:57-08:00,0,5
resume/index.html,4,html,13576143,Marguerite Church,2025-01-09,14:50:57,-08:00,2025-01-09T14:50:57-08:00,0,21
resume/index.html,5,html,13576143,Marguerite Church,2025-01-09,14:50:57,-08:00,2025-01-09T14:50:57-08:00,0,69
resume/index.html,6,html,d971ec79,Marguerite Church,2025-01-10,14:26:02,-08:00,2025-01-10T14:26:02-08:00,0,42
resume/index.html,7,html,81f54efa,Marguerite Church,2025-01-23,12:31:29,-08:00,2025-01-23T12:31:29-08:00,0,49
resume/index.html,8,html,13576143,Marguerite Church,2025-01-09,14:50:57,-08:00,2025-01-09T14:50:57-08:00,0,20
resume/index.html,9,html,13576143,Marguerite Church,2025-01-09,14:50:57,-08:00,2025-01-09T14:50:57-08:00,0,6
resume/index.html,10,html,13576143,Marguerite Church,2025-01-09,14:50:57,-08:00,2025-01-09T14:50:57-08:00,0,5
resume/index.html,11,html,13576143,Marguerite Church,2025-01-09,14:50:57,-08:00,2025-01-09T14:50:57-08:00,0,14
resume/index.html,12,html,abbaf6dd,Marguerite Church,2025-01-17,17:21:08,-08:00,2025-01-17T17:21:08-08:00,0,30
resume/index.html,13,html,7bb072ab,Marguerite Church,2025-01-09,17:46:26,-08:00,2025-01-09T17:46:26-08:00,0,25
resume/index.html,14,html,7bb072ab,Marguerite Church,2025-01-09,17:46:26,-08:00,2025-01-09T17:46:26-08:00,0,24
resume/index.html,15,html,da8f8036,Marguerite Church,2025-01-10,12:48:10,-08:00,2025-01-10T12:48:10-08:00,0,21
resume/index.html,16,html,da8f8036,Marguerite Church,2025-01-10,12:48:10,-08:00,2025-01-10T12:48:10-08:00,0,21
resume/index.html,17,html,da8f8036,Marguerite Church,2025-01-10,12:48:10,-08:00,2025-01-10T12:48:10-08:00,0,16
resume/index.html,18,html,da8f8036,Marguerite Church,2025-01-10,12:48:10,-08:00,2025-01-10T12:48:10-08:00,0,96
resume/index.html,19,html,7bb072ab,Marguerite Church,2025-01-09,17:46:26,-08:00,2025-01-09T17:46:26-08:00,0,9
resume/index.html,20,html,7bb072ab,Marguerite Church,2025-01-09,17:46:26,-08:00,2025-01-09T17:46:26-08:00,0,28
resume/index.html,21,html,abbaf6dd,Marguerite Church,2025-01-17,17:21:08,-08:00,2025-01-17T17:21:08-08:00,0,259
resume/index.html,22,html,abbaf6dd,Marguerite Church,2025-01-17,17:21:08,-08:00,2025-01-17T17:21:08-08:00,0,17
resume/index.html,23,html,7bb072ab,Marguerite Church,2025-01-09,17:46:26,-08:00,2025-01-09T17:46:26-08:00,0,28
resume/index.html,24,html,7bb072ab,Marguerite Church,2025-01-09,17:46:26,-08:00,2025-01-09T17:46:26-08:00,0,198
resume/index.html,25,html,da8f8036,Marguerite Church,2025-01-10,12:48:10,-08:00,2025-01-10T12:48:10-08:00,0,47
resume/index.html,26,html,da8f8036,Marguerite Church,2025-01-10,12:48:10,-08:00,2025-01-10T12:48:10-08:00,0,3
resume/index.html,27,html,da8f8036,Marguerite Church,2025-01-10,12:48:10,-08:00,2025-01-10T12:48:10-08:00,0,22
resume/index.html,28,html,da8f8036,Marguerite Church,2025-01-10,12:48:10,-08:00,2025-01-10T12:48:10-08:00,0,63
resume/index.html,29,html,abbaf6dd,Marguerite Church,2025-01-17,17:21:08,-08:00,2025-01-17T17:21:08-08:00,0,116
resume/index.html,30,html,da8f8036,Marguerite Church,2025-01-10,12:48:10,-08:00,2025-01-10T12:48:10-08:00,0,4
resume/index.html,31,html,da8f8036,Marguerite Church,2025-01-10,12:48:10,-08:00,2025-01-10T12:48:10-08:00,0,153
resume/index.html,32,html,da8f8036,Marguerite Church,2025-01-10,12:48:10,-08:00,2025-01-10T12:48:10-08:00,0,43
resume/index.html,33,html,da8f8036,Marguerite Church,2025-01-10,12:48:10,-08:00,2025-01-10T12:48:10-08:00,0,3
resume/index.html,34,html,da8f8036,Marguerite Church,2025-01-10,12:48:10,-08:00,2025-01-10T12:48:10-08:00,0,40
resume/index.html,35,html,da8f8036,Marguerite Church,2025-01-10,12:48:10,-08:00,2025-01-10T12:48:10-08:00,0,35
resume/index.html,36,html,da8f8036,Marguerite Church,2025-01-10,12:48:10,-08:00,2025-01-10T12:48:10-08:00,0,40
resume/index.html,37,html,da8f8036,Marguerite Church,2025-01-10,12:48:10,-08:00,2025-01-10T12:48:10-08:00,0,16
resume/index.html,38,html,da8f8036,Marguerite Church,2025-01-10,12:48:10,-08:00,2025-01-10T12:48:10-08:00,0,40
resume/index.html,39,html,da8f8036,Marguerite Church,2025-01-10,12:48:10,-08:00,2025-01-10T12:48:10-08:00,0,32
resume/index.html,40,html,da8f8036,Marguerite Church,2025-01-10,12:48:10,-08:00,2025-01-10T12:48:10-08:00,0,4
resume/index.html,41,html,7bb072ab,Marguerite Church,2025-01-09,17:46:26,-08:00,2025-01-09T17:46:26-08:00,0,9
resume/index.html,42,html,abbaf6dd,Marguerite Church,2025-01-17,17:21:08,-08:00,2025-01-17T17:21:08-08:00,0,23
resume/index.html,43,html,abbaf6dd,Marguerite Church,2025-01-17,17:21:08,-08:00,2025-01-17T17:21:08-08:00,0,34
resume/index.html,44,html,7bb072ab,Marguerite Church,2025-01-09,17:46:26,-08:00,2025-01-09T17:46:26-08:00,0,31
resume/index.html,45,html,7bb072ab,Marguerite Church,2025-01-09,17:46:26,-08:00,2025-01-09T17:46:26-08:00,0,28
resume/index.html,46,html,da8f8036,Marguerite Church,2025-01-10,12:48:10,-08:00,2025-01-10T12:48:10-08:00,0,38
resume/index.html,47,html,da8f8036,Marguerite Church,2025-01-10,12:48:10,-08:00,2025-01-10T12:48:10-08:00,0,3
resume/index.html,48,html,da8f8036,Marguerite Church,2025-01-10,12:48:10,-08:00,2025-01-10T12:48:10-08:00,0,45
resume/index.html,49,html,da8f8036,Marguerite Church,2025-01-10,12:48:10,-08:00,2025-01-10T12:48:10-08:00,0,61
resume/index.html,50,html,da8f8036,Marguerite Church,2025-01-10,12:48:10,-08:00,2025-01-10T12:48:10-08:00,0,64
resume/index.html,51,html,da8f8036,Marguerite Church,2025-01-10,12:48:10,-08:00,2025-01-10T12:48:10-08:00,0,46
resume/index.html,52,html,da8f8036,Marguerite Church,2025-01-10,12:48:10,-08:00,2025-01-10T12:48:10-08:00,0,61
resume/index.html,53,html,da8f8036,Marguerite Church,2025-01-10,12:48:10,-08:00,2025-01-10T12:48:10-08:00,0,4
resume/index.html,54,html,da8f8036,Marguerite Church,2025-01-10,12:48:10,-08:00,2025-01-10T12:48:10-08:00,0,9
resume/index.html,55,html,da8f8036,Marguerite Church,2025-01-10,12:48:10,-08:00,2025-01-10T12:48:10-08:00,0,28
resume/index.html,56,html,da8f8036,Marguerite Church,2025-01-10,12:48:10,-08:00,2025-01-10T12:48:10-08:00,0,27
resume/index.html,57,html,da8f8036,Marguerite Church,2025-01-10,12:48:10,-08:00,2025-01-10T12:48:10-08:00,0,48
resume/index.html,58,html,da8f8036,Marguerite Church,2025-01-10,12:48:10,-08:00,2025-01-10T12:48:10-08:00,0,3
resume/index.html,59,html,da8f8036,Marguerite Church,2025-01-10,12:48:10,-08:00,2025-01-10T12:48:10-08:00,0,132
resume/index.html,60,html,da8f8036,Marguerite Church,2025-01-10,12:48:10,-08:00,2025-01-10T12:48:10-08:00,0,83
resume/index.html,61,html,da8f8036,Marguerite Church,2025-01-10,12:48:10,-08:00,2025-01-10T12:48:10-08:00,0,91
resume/index.html,62,html,da8f8036,Marguerite Church,2025-01-10,12:48:10,-08:00,2025-01-10T12:48:10-08:00,0,4
resume/index.html,63,html,da8f8036,Marguerite Church,2025-01-10,12:48:10,-08:00,2025-01-10T12:48:10-08:00,0,9
resume/index.html,64,html,da8f8036,Marguerite Church,2025-01-10,12:48:10,-08:00,2025-01-10T12:48:10-08:00,0,33
resume/index.html,65,html,da8f8036,Marguerite Church,2025-01-10,12:48:10,-08:00,2025-01-10T12:48:10-08:00,0,22
resume/index.html,66,html,da8f8036,Marguerite Church,2025-01-10,12:48:10,-08:00,2025-01-10T12:48:10-08:00,0,46
resume/index.html,67,html,da8f8036,Marguerite Church,2025-01-10,12:48:10,-08:00,2025-01-10T12:48:10-08:00,0,3
resume/index.html,68,html,da8f8036,Marguerite Church,2025-01-10,12:48:10,-08:00,2025-01-10T12:48:10-08:00,0,74
resume/index.html,69,html,da8f8036,Marguerite Church,2025-01-10,12:48:10,-08:00,2025-01-10T12:48:10-08:00,0,98
resume/index.html,70,html,da8f8036,Marguerite Church,2025-01-10,12:48:10,-08:00,2025-01-10T12:48:10-08:00,0,85
resume/index.html,71,html,da8f8036,Marguerite Church,2025-01-10,12:48:10,-08:00,2025-01-10T12:48:10-08:00,0,78
resume/index.html,72,html,da8f8036,Marguerite Church,2025-01-10,12:48:10,-08:00,2025-01-10T12:48:10-08:00,0,73
resume/index.html,73,html,da8f8036,Marguerite Church,2025-01-10,12:48:10,-08:00,2025-01-10T12:48:10-08:00,0,4
resume/index.html,74,html,7bb072ab,Marguerite Church,2025-01-09,17:46:26,-08:00,2025-01-09T17:46:26-08:00,0,9
resume/index.html,75,html,7bb072ab,Marguerite Church,2025-01-09,17:46:26,-08:00,2025-01-09T17:46:26-08:00,0,9
resume/index.html,76,html,7bb072ab,Marguerite Church,2025-01-09,17:46:26,-08:00,2025-01-09T17:46:26-08:00,0,25
resume/index.html,77,html,abbaf6dd,Marguerite Church,2025-01-17,17:21:08,-08:00,2025-01-17T17:21:08-08:00,0,28
resume/index.html,78,html,da8f8036,Marguerite Church,2025-01-10,12:48:10,-08:00,2025-01-10T12:48:10-08:00,0,50
resume/index.html,79,html,da8f8036,Marguerite Church,2025-01-10,12:48:10,-08:00,2025-01-10T12:48:10-08:00,0,18
resume/index.html,80,html,da8f8036,Marguerite Church,2025-01-10,12:48:10,-08:00,2025-01-10T12:48:10-08:00,0,3
resume/index.html,81,html,da8f8036,Marguerite Church,2025-01-10,12:48:10,-08:00,2025-01-10T12:48:10-08:00,0,70
resume/index.html,82,html,da8f8036,Marguerite Church,2025-01-10,12:48:10,-08:00,2025-01-10T12:48:10-08:00,0,51
resume/index.html,83,html,da8f8036,Marguerite Church,2025-01-10,12:48:10,-08:00,2025-01-10T12:48:10-08:00,0,121
resume/index.html,84,html,da8f8036,Marguerite Church,2025-01-10,12:48:10,-08:00,2025-01-10T12:48:10-08:00,0,4
resume/index.html,85,html,da8f8036,Marguerite Church,2025-01-10,12:48:10,-08:00,2025-01-10T12:48:10-08:00,0,9
resume/index.html,86,html,7bb072ab,Marguerite Church,2025-01-09,17:46:26,-08:00,2025-01-09T17:46:26-08:00,0,24
resume/index.html,87,html,abbaf6dd,Marguerite Church,2025-01-17,17:21:08,-08:00,2025-01-17T17:21:08-08:00,0,30
resume/index.html,88,html,abbaf6dd,Marguerite Church,2025-01-17,17:21:08,-08:00,2025-01-17T17:21:08-08:00,0,3
resume/index.html,89,html,abbaf6dd,Marguerite Church,2025-01-17,17:21:08,-08:00,2025-01-17T17:21:08-08:00,0,36
resume/index.html,90,html,abbaf6dd,Marguerite Church,2025-01-17,17:21:08,-08:00,2025-01-17T17:21:08-08:00,0,26
resume/index.html,91,html,abbaf6dd,Marguerite Church,2025-01-17,17:21:08,-08:00,2025-01-17T17:21:08-08:00,0,15
resume/index.html,92,html,abbaf6dd,Marguerite Church,2025-01-17,17:21:08,-08:00,2025-01-17T17:21:08-08:00,0,25
resume/index.html,93,html,abbaf6dd,Marguerite Church,2025-01-17,17:21:08,-08:00,2025-01-17T17:21:08-08:00,0,32
resume/index.html,94,html,abbaf6dd,Marguerite Church,2025-01-17,17:21:08,-08:00,2025-01-17T17:21:08-08:00,0,4
resume/index.html,95,html,abbaf6dd,Marguerite Church,2025-01-17,17:21:08,-08:00,2025-01-17T17:21:08-08:00,0,9
resume/index.html,96,html,da8f8036,Marguerite Church,2025-01-10,12:48:10,-08:00,2025-01-10T12:48:10-08:00,0,9
resume/index.html,97,html,13576143,Marguerite Church,2025-01-09,14:50:57,-08:00,2025-01-09T14:50:57-08:00,0,6
resume/index.html,98,html,13576143,Marguerite Church,2025-01-09,14:50:57,-08:00,2025-01-09T14:50:57-08:00,0,6
projects/projects.js,1,js,58afe94b,Marguerite Church,2025-01-30,14:38:39,-08:00,2025-01-30T14:38:39-08:00,0,56
projects/projects.js,2,js,58afe94b,Marguerite Church,2025-01-30,14:38:39,-08:00,2025-01-30T14:38:39-08:00,0,0
projects/projects.js,3,js,58afe94b,Marguerite Church,2025-01-30,14:38:39,-08:00,2025-01-30T14:38:39-08:00,0,56
projects/projects.js,4,js,58afe94b,Marguerite Church,2025-01-30,14:38:39,-08:00,2025-01-30T14:38:39-08:00,0,0
projects/projects.js,5,js,58afe94b,Marguerite Church,2025-01-30,14:38:39,-08:00,2025-01-30T14:38:39-08:00,0,61
projects/projects.js,6,js,58afe94b,Marguerite Church,2025-01-30,14:38:39,-08:00,2025-01-30T14:38:39-08:00,0,0
projects/projects.js,7,js,58afe94b,Marguerite Church,2025-01-30,14:38:39,-08:00,2025-01-30T14:38:39-08:00,0,49
projects/projects.js,8,js,58afe94b,Marguerite Church,2025-01-30,14:38:39,-08:00,2025-01-30T14:38:39-08:00,0,0
projects/projects.js,9,js,58afe94b,Marguerite Church,2025-01-30,14:38:39,-08:00,2025-01-30T14:38:39-08:00,0,60
projects/projects.js,10,js,58afe94b,Marguerite Church,2025-01-30,14:38:39,-08:00,2025-01-30T14:38:39-08:00,0,0
projects/projects.js,11,js,58afe94b,Marguerite Church,2025-01-30,14:38:39,-08:00,2025-01-30T14:38:39-08:00,0,34
projects/projects.js,12,js,58afe94b,Marguerite Church,2025-01-30,14:38:39,-08:00,2025-01-30T14:38:39-08:00,0,0
projects/projects.js,13,js,58afe94b,Marguerite Church,2025-01-30,14:38:39,-08:00,2025-01-30T14:38:39-08:00,0,51
projects/projects.js,14,js,5e5e922e,Marguerite Church,2025-02-06,11:27:43,-08:00,2025-02-06T11:27:43-08:00,0,0
projects/projects.js,15,js,5e5e922e,Marguerite Church,2025-02-06,11:27:43,-08:00,2025-02-06T11:27:43-08:00,0,64
projects/projects.js,16,js,5e5e922e,Marguerite Church,2025-02-06,11:27:43,-08:00,2025-02-06T11:27:43-08:00,0,0
projects/projects.js,17,js,e4092812,Marguerite Church,2025-02-07,18:12:03,-08:00,2025-02-07T18:12:03-08:00,0,58
projects/projects.js,18,js,e4092812,Marguerite Church,2025-02-07,18:12:03,-08:00,2025-02-07T18:12:03-08:00,0,14
projects/projects.js,19,js,e4092812,Marguerite Church,2025-02-07,18:12:03,-08:00,2025-02-07T18:12:03-08:00,0,36
projects/projects.js,20,js,e4092812,Marguerite Church,2025-02-07,18:12:03,-08:00,2025-02-07T18:12:03-08:00,0,37
projects/projects.js,21,js,e4092812,Marguerite Church,2025-02-07,18:12:03,-08:00,2025-02-07T18:12:03-08:00,0,36
projects/projects.js,22,js,e4092812,Marguerite Church,2025-02-07,18:12:03,-08:00,2025-02-07T18:12:03-08:00,0,35
projects/projects.js,23,js,e4092812,Marguerite Church,2025-02-07,18:12:03,-08:00,2025-02-07T18:12:03-08:00,0,35
projects/projects.js,24,js,e4092812,Marguerite Church,2025-02-07,18:12:03,-08:00,2025-02-07T18:12:03-08:00,0,38
projects/projects.js,25,js,e4092812,Marguerite Church,2025-02-07,18:12:03,-08:00,2025-02-07T18:12:03-08:00,0,6
projects/projects.js,26,js,e4092812,Marguerite Church,2025-02-07,18:12:03,-08:00,2025-02-07T18:12:03-08:00,0,27
projects/projects.js,27,js,e4092812,Marguerite Church,2025-02-07,18:12:03,-08:00,2025-02-07T18:12:03-08:00,0,8
projects/projects.js,28,js,e4092812,Marguerite Church,2025-02-07,18:12:03,-08:00,2025-02-07T18:12:03-08:00,0,15
projects/projects.js,29,js,e4092812,Marguerite Church,2025-02-07,18:12:03,-08:00,2025-02-07T18:12:03-08:00,0,13
projects/projects.js,30,js,e4092812,Marguerite Church,2025-02-07,18:12:03,-08:00,2025-02-07T18:12:03-08:00,0,1
projects/projects.js,31,js,e4092812,Marguerite Church,2025-02-07,18:12:03,-08:00,2025-02-07T18:12:03-08:00,0,0
projects/projects.js,32,js,e4092812,Marguerite Church,2025-02-07,18:12:03,-08:00,2025-02-07T18:12:03-08:00,0,45
projects/projects.js,33,js,e4092812,Marguerite Church,2025-02-07,18:12:03,-08:00,2025-02-07T18:12:03-08:00,0,36
projects/projects.js,34,js,e4092812,Marguerite Church,2025-02-07,18:12:03,-08:00,2025-02-07T18:12:03-08:00,0,2
projects/projects.js,35,js,e4092812,Marguerite Church,2025-02-07,18:12:03,-08:00,2025-02-07T18:12:03-08:00,0,0
projects/projects.js,36,js,5e5e922e,Marguerite Church,2025-02-06,11:27:43,-08:00,2025-02-06T11:27:43-08:00,0,51
projects/projects.js,37,js,5e5e922e,Marguerite Church,2025-02-06,11:27:43,-08:00,2025-02-06T11:27:43-08:00,0,34
projects/projects.js,38,js,5e5e922e,Marguerite Church,2025-02-06,11:27:43,-08:00,2025-02-06T11:27:43-08:00,0,46
projects/projects.js,39,js,5e5e922e,Marguerite Church,2025-02-06,11:27:43,-08:00,2025-02-06T11:27:43-08:00,0,20
projects/projects.js,40,js,5e5e922e,Marguerite Church,2025-02-06,11:27:43,-08:00,2025-02-06T11:27:43-08:00,0,55
projects/projects.js,41,js,5e5e922e,Marguerite Church,2025-02-06,11:27:43,-08:00,2025-02-06T11:27:43-08:00,0,66
projects/projects.js,42,js,5e5e922e,Marguerite Church,2025-02-06,11:27:43,-08:00,2025-02-06T11:27:43-08:00,0,1
projects/projects.js,43,js,e4092812,Marguerite Church,2025-02-07,18:12:03,-08:00,2025-02-07T18:12:03-08:00,0,43
projects/projects.js,44,js,5e5e922e,Marguerite Church,2025-02-06,11:27:43,-08:00,2025-02-06T11:27:43-08:00,0,27
projects/projects.js,45,js,5e5e922e,Marguerite Church,2025-02-06,11:27:43,-08:00,2025-02-06T11:27:43-08:00,0,15
projects/projects.js,46,js,5e5e922e,Marguerite Church,2025-02-06,11:27:43,-08:00,2025-02-06T11:27:43-08:00,0,14
projects/projects.js,47,js,5e5e922e,Marguerite Church,2025-02-06,11:27:43,-08:00,2025-02-06T11:27:43-08:00,0,14
projects/projects.js,48,js,5e5e922e,Marguerite Church,2025-02-06,11:27:43,-08:00,2025-02-06T11:27:43-08:00,0,99
projects/projects.js,49,js,5e5e922e,Marguerite Church,2025-02-06,11:27:43,-08:00,2025-02-06T11:27:43-08:00,0,1
projects/projects.js,50,js,5e5e922e,Marguerite Church,2025-02-06,11:27:43,-08:00,2025-02-06T11:27:43-08:00,0,0
projects/projects.js,51,js,5e5e922e,Marguerite Church,2025-02-06,11:27:43,-08:00,2025-02-06T11:27:43-08:00,0,33
projects/projects.js,52,js,5e5e922e,Marguerite Church,2025-02-06,11:27:43,-08:00,2025-02-06T11:27:43-08:00,0,25
projects/projects.js,53,js,5e5e922e,Marguerite Church,2025-02-06,11:27:43,-08:00,2025-02-06T11:27:43-08:00,0,18
projects/projects.js,54,js,5e5e922e,Marguerite Church,2025-02-06,11:27:43,-08:00,2025-02-06T11:27:43-08:00,0,94
projects/projects.js,55,js,5e5e922e,Marguerite Church,2025-02-06,11:27:43,-08:00,2025-02-06T11:27:43-08:00,0,99
projects/projects.js,56,js,5e5e922e,Marguerite Church,2025-02-06,11:27:43,-08:00,2025-02-06T11:27:43-08:00,0,29
projects/projects.js,57,js,5e5e922e,Marguerite Church,2025-02-06,11:27:43,-08:00,2025-02-06T11:27:43-08:00,0,1
projects/projects.js,58,js,5e5e922e,Marguerite Church,2025-02-06,11:27:43,-08:00,2025-02-06T11:27:43-08:00,0,0
projects/projects.js,59,js,e4092812,Marguerite Church,2025-02-07,18:12:03,-08:00,2025-02-07T18:12:03-08:00,0,41
projects/projects.js,60,js,e4092812,Marguerite Church,2025-02-07,18:12:03,-08:00,2025-02-07T18:12:03-08:00,0,39
projects/projects.js,61,js,e4092812,Marguerite Church,2025-02-07,18:12:03,-08:00,2025-02-07T18:12:03-08:00,0,26
projects/projects.js,62,js,e4092812,Marguerite Church,2025-02-07,18:12:03,-08:00,2025-02-07T18:12:03-08:00,0,30
projects/projects.js,63,js,e4092812,Marguerite Church,2025-02-07,18:12:03,-08:00,2025-02-07T18:12:03-08:00,0,13
projects/projects.js,64,js,e4092812,Marguerite Church,2025-02-07,18:12:03,-08:00,2025-02-07T18:12:03-08:00,0,15
projects/projects.js,65,js,e4092812,Marguerite Church,2025-02-07,18:12:03,-08:00,2025-02-07T18:12:03-08:00,0,13
projects/projects.js,66,js,e4092812,Marguerite Church,2025-02-07,18:12:03,-08:00,2025-02-07T18:12:03-08:00,0,1
projects/projects.js,67,js,e4092812,Marguerite Church,2025-02-07,18:12:03,-08:00,2025-02-07T18:12:03-08:00,0,19
projects/projects.js,68,js,e4092812,Marguerite Church,2025-02-07,18:12:03,-08:00,2025-02-07T18:12:03-08:00,0,51
projects/projects.js,69,js,e4092812,Marguerite Church,2025-02-07,18:12:03,-08:00,2025-02-07T18:12:03-08:00,0,44
projects/projects.js,70,js,e4092812,Marguerite Church,2025-02-07,18:12:03,-08:00,2025-02-07T18:12:03-08:00,0,2
projects/projects.js,71,js,e4092812,Marguerite Church,2025-02-07,18:12:03,-08:00,2025-02-07T18:12:03-08:00,0,51
projects/projects.js,72,js,e4092812,Marguerite Church,2025-02-07,18:12:03,-08:00,2025-02-07T18:12:03-08:00,0,54
projects/projects.js,73,js,e4092812,Marguerite Church,2025-02-07,18:12:03,-08:00,2025-02-07T18:12:03-08:00,0,43
projects/projects.js,74,js,e4092812,Marguerite Church,2025-02-07,18:12:03,-08:00,2025-02-07T18:12:03-08:00,0,58
projects/projects.js,75,js,e4092812,Marguerite Church,2025-02-07,18:12:03,-08:00,2025-02-07T18:12:03-08:00,0,52
projects/projects.js,76,js,e4092812,Marguerite Church,2025-02-07,18:12:03,-08:00,2025-02-07T18:12:03-08:00,0,34
projects/projects.js,77,js,e4092812,Marguerite Church,2025-02-07,18:12:03,-08:00,2025-02-07T18:12:03-08:00,0,0
projects/projects.js,78,js,e4092812,Marguerite Church,2025-02-07,18:12:03,-08:00,2025-02-07T18:12:03-08:00,0,29
projects/projects.js,79,js,e4092812,Marguerite Church,2025-02-07,18:12:03,-08:00,2025-02-07T18:12:03-08:00,0,33
projects/projects.js,80,js,e4092812,Marguerite Church,2025-02-07,18:12:03,-08:00,2025-02-07T18:12:03-08:00,0,54
projects/projects.js,81,js,e4092812,Marguerite Church,2025-02-07,18:12:03,-08:00,2025-02-07T18:12:03-08:00,0,5
projects/projects.js,82,js,e4092812,Marguerite Church,2025-02-07,18:12:03,-08:00,2025-02-07T18:12:03-08:00,0,17
projects/projects.js,83,js,e4092812,Marguerite Church,2025-02-07,18:12:03,-08:00,2025-02-07T18:12:03-08:00,0,16
projects/projects.js,84,js,e4092812,Marguerite Church,2025-02-07,18:12:03,-08:00,2025-02-07T18:12:03-08:00,0,7
projects/projects.js,85,js,e4092812,Marguerite Church,2025-02-07,18:12:03,-08:00,2025-02-07T18:12:03-08:00,0,14
projects/projects.js,86,js,e4092812,Marguerite Church,2025-02-07,18:12:03,-08:00,2025-02-07T18:12:03-08:00,0,23
projects/projects.js,87,js,e4092812,Marguerite Church,2025-02-07,18:12:03,-08:00,2025-02-07T18:12:03-08:00,0,59
projects/projects.js,88,js,e4092812,Marguerite Church,2025-02-07,18:12:03,-08:00,2025-02-07T18:12:03-08:00,0,36
projects/projects.js,89,js,e4092812,Marguerite Church,2025-02-07,18:12:03,-08:00,2025-02-07T18:12:03-08:00,0,34
projects/projects.js,90,js,e4092812,Marguerite Church,2025-02-07,18:12:03,-08:00,2025-02-07T18:12:03-08:00,0,28
projects/projects.js,91,js,e4092812,Marguerite Church,2025-02-07,18:12:03,-08:00,2025-02-07T18:12:03-08:00,0,21
projects/projects.js,92,js,e4092812,Marguerite Church,2025-02-07,18:12:03,-08:00,2025-02-07T18:12:03-08:00,0,94
projects/projects.js,93,js,e4092812,Marguerite Church,2025-02-07,18:12:03,-08:00,2025-02-07T18:12:03-08:00,0,99
projects/projects.js,94,js,e4092812,Marguerite Church,2025-02-07,18:12:03,-08:00,2025-02-07T18:12:03-08:00,0,29
projects/projects.js,95,js,e4092812,Marguerite Church,2025-02-07,18:12:03,-08:00,2025-02-07T18:12:03-08:00,0,1
projects/projects.js,96,js,e4092812,Marguerite Church,2025-02-07,18:12:03,-08:00,2025-02-07T18:12:03-08:00,0,0
projects/projects.js,97,js,e4092812,Marguerite Church,2025-02-07,18:12:03,-08:00,2025-02-07T18:12:03-08:00,0,0
projects/projects.js,98,js,e4092812,Marguerite Church,2025-02-07,18:12:03,-08:00,2025-02-07T18:12:03-08:00,0,33
projects/projects.js,99,js,e4092812,Marguerite Church,2025-02-07,18:12:03,-08:00,2025-02-07T18:12:03-08:00,0,24
projects/projects.js,100,js,e4092812,Marguerite Church,2025-02-07,18:12:03,-08:00,2025-02-07T18:12:03-08:00,0,0
projects/projects.js,101,js,e4092812,Marguerite Church,2025-02-07,18:12:03,-08:00,2025-02-07T18:12:03-08:00,0,14
projects/projects.js,102,js,e4092812,Marguerite Church,2025-02-07,18:12:03,-08:00,2025-02-07T18:12:03-08:00,0,54
projects/projects.js,103,js,e4092812,Marguerite Church,2025-02-07,18:12:03,-08:00,2025-02-07T18:12:03-08:00,0,0
projects/projects.js,104,js,e4092812,Marguerite Church,2025-02-07,18:12:03,-08:00,2025-02-07T18:12:03-08:00,0,49
projects/projects.js,105,js,e4092812,Marguerite Church,2025-02-07,18:12:03,-08:00,2025-02-07T18:12:03-08:00,0,20
projects/projects.js,106,js,e4092812,Marguerite Church,2025-02-07,18:12:03,-08:00,2025-02-07T18:12:03-08:00,0,26
projects/projects.js,107,js,e4092812,Marguerite Church,2025-02-07,18:12:03,-08:00,2025-02-07T18:12:03-08:00,0,17
projects/projects.js,108,js,e4092812,Marguerite Church,2025-02-07,18:12:03,-08:00,2025-02-07T18:12:03-08:00,0,52
projects/projects.js,109,js,e4092812,Marguerite Church,2025-02-07,18:12:03,-08:00,2025-02-07T18:12:03-08:00,0,60
projects/projects.js,110,js,e4092812,Marguerite Church,2025-02-07,18:12:03,-08:00,2025-02-07T18:12:03-08:00,0,43
projects/projects.js,111,js,e4092812,Marguerite Church,2025-02-07,18:12:03,-08:00,2025-02-07T18:12:03-08:00,0,2
projects/projects.js,112,js,e4092812,Marguerite Church,2025-02-07,18:12:03,-08:00,2025-02-07T18:12:03-08:00,0,26
projects/projects.js,113,js,e4092812,Marguerite Church,2025-02-07,18:12:03,-08:00,2025-02-07T18:12:03-08:00,0,57
projects/projects.js,114,js,e4092812,Marguerite Church,2025-02-07,18:12:03,-08:00,2025-02-07T18:12:03-08:00,0,32
projects/projects.js,115,js,e4092812,Marguerite Church,2025-02-07,18:12:03,-08:00,2025-02-07T18:12:03-08:00,0,2
projects/projects.js,116,js,e4092812,Marguerite Church,2025-02-07,18:12:03,-08:00,2025-02-07T18:12:03-08:00,0,0
projects/projects.js,117,js,e4092812,Marguerite Church,2025-02-07,18:12:03,-08:00,2025-02-07T18:12:03-08:00,0,22
projects/projects.js,118,js,e4092812,Marguerite Church,2025-02-07,18:12:03,-08:00,2025-02-07T18:12:03-08:00,0,0
projects/projects.js,119,js,e4092812,Marguerite Church,2025-02-07,18:12:03,-08:00,2025-02-07T18:12:03-08:00,0,26
projects/projects.js,120,js,e4092812,Marguerite Church,2025-02-07,18:12:03,-08:00,2025-02-07T18:12:03-08:00,0,30
projects/projects.js,121,js,e4092812,Marguerite Church,2025-02-07,18:12:03,-08:00,2025-02-07T18:12:03-08:00,0,25
projects/projects.js,122,js,e4092812,Marguerite Church,2025-02-07,18:12:03,-08:00,2025-02-07T18:12:03-08:00,0,2
projects/projects.js,123,js,e4092812,Marguerite Church,2025-02-07,18:12:03,-08:00,2025-02-07T18:12:03-08:00,0,14
projects/projects.js,124,js,e4092812,Marguerite Church,2025-02-07,18:12:03,-08:00,2025-02-07T18:12:03-08:00,0,14
projects/projects.js,125,js,e4092812,Marguerite Church,2025-02-07,18:12:03,-08:00,2025-02-07T18:12:03-08:00,0,23
projects/projects.js,126,js,e4092812,Marguerite Church,2025-02-07,18:12:03,-08:00,2025-02-07T18:12:03-08:00,0,19
projects/projects.js,127,js,e4092812,Marguerite Church,2025-02-07,18:12:03,-08:00,2025-02-07T18:12:03-08:00,0,44
projects/projects.js,128,js,e4092812,Marguerite Church,2025-02-07,18:12:03,-08:00,2025-02-07T18:12:03-08:00,0,25
projects/projects.js,129,js,e4092812,Marguerite Church,2025-02-07,18:12:03,-08:00,2025-02-07T18:12:03-08:00,0,0
projects/projects.js,130,js,e4092812,Marguerite Church,2025-02-07,18:12:03,-08:00,2025-02-07T18:12:03-08:00,0,2
projects/projects.js,131,js,e4092812,Marguerite Church,2025-02-07,18:12:03,-08:00,2025-02-07T18:12:03-08:00,0,17
projects/projects.js,132,js,e4092812,Marguerite Church,2025-02-07,18:12:03,-08:00,2025-02-07T18:12:03-08:00,0,27
projects/projects.js,133,js,e4092812,Marguerite Church,2025-02-07,18:12:03,-08:00,2025-02-07T18:12:03-08:00,0,57
projects/projects.js,134,js,e4092812,Marguerite Church,2025-02-07,18:12:03,-08:00,2025-02-07T18:12:03-08:00,0,69
projects/projects.js,135,js,e4092812,Marguerite Church,2025-02-07,18:12:03,-08:00,2025-02-07T18:12:03-08:00,0,2
projects/projects.js,136,js,e4092812,Marguerite Church,2025-02-07,18:12:03,-08:00,2025-02-07T18:12:03-08:00,0,0
projects/projects.js,137,js,e4092812,Marguerite Church,2025-02-07,18:12:03,-08:00,2025-02-07T18:12:03-08:00,0,5
projects/projects.js,138,js,e4092812,Marguerite Church,2025-02-07,18:12:03,-08:00,2025-02-07T18:12:03-08:00,0,15
projects/projects.js,139,js,e4092812,Marguerite Church,2025-02-07,18:12:03,-08:00,2025-02-07T18:12:03-08:00,0,27
projects/projects.js,140,js,e4092812,Marguerite Church,2025-02-07,18:12:03,-08:00,2025-02-07T18:12:03-08:00,0,61
projects/projects.js,141,js,e4092812,Marguerite Church,2025-02-07,18:12:03,-08:00,2025-02-07T18:12:03-08:00,0,66
projects/projects.js,142,js,e4092812,Marguerite Church,2025-02-07,18:12:03,-08:00,2025-02-07T18:12:03-08:00,0,2
projects/projects.js,143,js,e4092812,Marguerite Church,2025-02-07,18:12:03,-08:00,2025-02-07T18:12:03-08:00,0,26
projects/projects.js,144,js,e4092812,Marguerite Church,2025-02-07,18:12:03,-08:00,2025-02-07T18:12:03-08:00,0,49
projects/projects.js,145,js,e4092812,Marguerite Church,2025-02-07,18:12:03,-08:00,2025-02-07T18:12:03-08:00,0,7
projects/projects.js,146,js,e4092812,Marguerite Church,2025-02-07,18:12:03,-08:00,2025-02-07T18:12:03-08:00,0,53
projects/projects.js,147,js,e4092812,Marguerite Church,2025-02-07,18:12:03,-08:00,2025-02-07T18:12:03-08:00,0,32
projects/projects.js,148,js,e4092812,Marguerite Church,2025-02-07,18:12:03,-08:00,2025-02-07T18:12:03-08:00,0,52
projects/projects.js,149,js,e4092812,Marguerite Church,2025-02-07,18:12:03,-08:00,2025-02-07T18:12:03-08:00,0,0
projects/projects.js,150,js,e4092812,Marguerite Church,2025-02-07,18:12:03,-08:00,2025-02-07T18:12:03-08:00,0,38
projects/projects.js,151,js,e4092812,Marguerite Church,2025-02-07,18:12:03,-08:00,2025-02-07T18:12:03-08:00,0,82
projects/projects.js,152,js,e4092812,Marguerite Church,2025-02-07,18:12:03,-08:00,2025-02-07T18:12:03-08:00,0,0
projects/projects.js,153,js,e4092812,Marguerite Church,2025-02-07,18:12:03,-08:00,2025-02-07T18:12:03-08:00,0,35
projects/projects.js,154,js,e4092812,Marguerite Church,2025-02-07,18:12:03,-08:00,2025-02-07T18:12:03-08:00,0,57
projects/projects.js,155,js,e4092812,Marguerite Church,2025-02-07,18:12:03,-08:00,2025-02-07T18:12:03-08:00,0,0
projects/projects.js,156,js,e4092812,Marguerite Church,2025-02-07,18:12:03,-08:00,2025-02-07T18:12:03-08:00,0,2
projects/projects.js,157,js,e4092812,Marguerite Church,2025-02-07,18:12:03,-08:00,2025-02-07T18:12:03-08:00,0,2
projects/projects.js,158,js,e4092812,Marguerite Church,2025-02-07,18:12:03,-08:00,2025-02-07T18:12:03-08:00,0,0
projects/projects.js,159,js,e4092812,Marguerite Church,2025-02-07,18:12:03,-08:00,2025-02-07T18:12:03-08:00,0,0
projects/index.html,1,html,4d01b89b,Marguerite Church,2025-01-09,14:22:11,-08:00,2025-01-09T14:22:11-08:00,0,14
projects/index.html,2,html,4d01b89b,Marguerite Church,2025-01-09,14:22:11,-08:00,2025-01-09T14:22:11-08:00,0,15
projects/index.html,3,html,4d01b89b,Marguerite Church,2025-01-09,14:22:11,-08:00,2025-01-09T14:22:11-08:00,0,5
projects/index.html,4,html,4d01b89b,Marguerite Church,2025-01-09,14:22:11,-08:00,2025-01-09T14:22:11-08:00,0,21
projects/index.html,5,html,4d01b89b,Marguerite Church,2025-01-09,14:22:11,-08:00,2025-01-09T14:22:11-08:00,0,69
projects/index.html,6,html,4d01b89b,Marguerite Church,2025-01-09,14:22:11,-08:00,2025-01-09T14:22:11-08:00,0,22
projects/index.html,7,html,d971ec79,Marguerite Church,2025-01-10,14:26:02,-08:00,2025-01-10T14:26:02-08:00,0,42
projects/index.html,8,html,58afe94b,Marguerite Church,2025-01-30,14:38:39,-08:00,2025-01-30T14:38:39-08:00,0,49
projects/index.html,9,html,58afe94b,Marguerite Church,2025-01-30,14:38:39,-08:00,2025-01-30T14:38:39-08:00,0,48
projects/index.html,10,html,4d01b89b,Marguerite Church,2025-01-09,14:22:11,-08:00,2025-01-09T14:22:11-08:00,0,6
projects/index.html,11,html,4d01b89b,Marguerite Church,2025-01-09,14:22:11,-08:00,2025-01-09T14:22:11-08:00,0,5
projects/index.html,12,html,58afe94b,Marguerite Church,2025-01-30,14:38:39,-08:00,2025-01-30T14:38:39-08:00,0,40
projects/index.html,13,html,5e5e922e,Marguerite Church,2025-02-06,11:27:43,-08:00,2025-02-06T11:27:43-08:00,0,24
projects/index.html,14,html,5e5e922e,Marguerite Church,2025-02-06,11:27:43,-08:00,2025-02-06T11:27:43-08:00,0,53
projects/index.html,15,html,5e5e922e,Marguerite Church,2025-02-06,11:27:43,-08:00,2025-02-06T11:27:43-08:00,0,5
projects/index.html,16,html,5e5e922e,Marguerite Church,2025-02-06,11:27:43,-08:00,2025-02-06T11:27:43-08:00,0,23
projects/index.html,17,html,5e5e922e,Marguerite Church,2025-02-06,11:27:43,-08:00,2025-02-06T11:27:43-08:00,0,5
projects/index.html,18,html,e4092812,Marguerite Church,2025-02-07,18:12:03,-08:00,2025-02-07T18:12:03-08:00,0,5
projects/index.html,19,html,e4092812,Marguerite Church,2025-02-07,18:12:03,-08:00,2025-02-07T18:12:03-08:00,0,16
projects/index.html,20,html,e4092812,Marguerite Church,2025-02-07,18:12:03,-08:00,2025-02-07T18:12:03-08:00,0,12
projects/index.html,21,html,e4092812,Marguerite Church,2025-02-07,18:12:03,-08:00,2025-02-07T18:12:03-08:00,0,27
projects/index.html,22,html,e4092812,Marguerite Church,2025-02-07,18:12:03,-08:00,2025-02-07T18:12:03-08:00,0,32
projects/index.html,23,html,e4092812,Marguerite Church,2025-02-07,18:12:03,-08:00,2025-02-07T18:12:03-08:00,0,1
projects/index.html,24,html,58adad13,Marguerite Church,2025-01-16,17:10:55,-08:00,2025-01-16T17:10:55-08:00,0,21
projects/index.html,25,html,58afe94b,Marguerite Church,2025-01-30,14:38:39,-08:00,2025-01-30T14:38:39-08:00,0,13
projects/index.html,26,html,58adad13,Marguerite Church,2025-01-16,17:10:55,-08:00,2025-01-16T17:10:55-08:00,0,30
projects/index.html,27,html,58adad13,Marguerite Church,2025-01-16,17:10:55,-08:00,2025-01-16T17:10:55-08:00,0,71
projects/index.html,28,html,58adad13,Marguerite Church,2025-01-16,17:10:55,-08:00,2025-01-16T17:10:55-08:00,0,237
projects/index.html,29,html,58adad13,Marguerite Church,2025-01-16,17:10:55,-08:00,2025-01-16T17:10:55-08:00,0,9
projects/index.html,30,html,58adad13,Marguerite Church,2025-01-16,17:10:55,-08:00,2025-01-16T17:10:55-08:00,0,8
projects/index.html,31,html,58adad13,Marguerite Church,2025-01-16,17:10:55,-08:00,2025-01-16T17:10:55-08:00,0,32
projects/index.html,32,html,58adad13,Marguerite Church,2025-01-16,17:10:55,-08:00,2025-01-16T17:10:55-08:00,0,71
projects/index.html,33,html,58adad13,Marguerite Church,2025-01-16,17:10:55,-08:00,2025-01-16T17:10:55-08:00,0,226
projects/index.html,34,html,58adad13,Marguerite Church,2025-01-16,17:10:55,-08:00,2025-01-16T17:10:55-08:00,0,9
projects/index.html,35,html,58adad13,Marguerite Church,2025-01-16,17:10:55,-08:00,2025-01-16T17:10:55-08:00,0,8
projects/index.html,36,html,58adad13,Marguerite Church,2025-01-16,17:10:55,-08:00,2025-01-16T17:10:55-08:00,0,42
projects/index.html,37,html,58adad13,Marguerite Church,2025-01-16,17:10:55,-08:00,2025-01-16T17:10:55-08:00,0,71
projects/index.html,38,html,58adad13,Marguerite Church,2025-01-16,17:10:55,-08:00,2025-01-16T17:10:55-08:00,0,219
projects/index.html,39,html,58adad13,Marguerite Church,2025-01-16,17:10:55,-08:00,2025-01-16T17:10:55-08:00,0,9
projects/index.html,40,html,58adad13,Marguerite Church,2025-01-16,17:10:55,-08:00,2025-01-16T17:10:55-08:00,0,8
projects/index.html,41,html,58adad13,Marguerite Church,2025-01-16,17:10:55,-08:00,2025-01-16T17:10:55-08:00,0,39
projects/index.html,42,html,58adad13,Marguerite Church,2025-01-16,17:10:55,-08:00,2025-01-16T17:10:55-08:00,0,71
projects/index.html,43,html,58adad13,Marguerite Church,2025-01-16,17:10:55,-08:00,2025-01-16T17:10:55-08:00,0,253
projects/index.html,44,html,58adad13,Marguerite Church,2025-01-16,17:10:55,-08:00,2025-01-16T17:10:55-08:00,0,9
projects/index.html,45,html,58adad13,Marguerite Church,2025-01-16,17:10:55,-08:00,2025-01-16T17:10:55-08:00,0,8
projects/index.html,46,html,58adad13,Marguerite Church,2025-01-16,17:10:55,-08:00,2025-01-16T17:10:55-08:00,0,37
projects/index.html,47,html,58adad13,Marguerite Church,2025-01-16,17:10:55,-08:00,2025-01-16T17:10:55-08:00,0,71
projects/index.html,48,html,58adad13,Marguerite Church,2025-01-16,17:10:55,-08:00,2025-01-16T17:10:55-08:00,0,226
projects/index.html,49,html,58adad13,Marguerite Church,2025-01-16,17:10:55,-08:00,2025-01-16T17:10:55-08:00,0,9
projects/index.html,50,html,58adad13,Marguerite Church,2025-01-16,17:10:55,-08:00,2025-01-16T17:10:55-08:00,0,8
projects/index.html,51,html,58adad13,Marguerite Church,2025-01-16,17:10:55,-08:00,2025-01-16T17:10:55-08:00,0,26
projects/index.html,52,html,58adad13,Marguerite Church,2025-01-16,17:10:55,-08:00,2025-01-16T17:10:55-08:00,0,71
projects/index.html,53,html,58adad13,Marguerite Church,2025-01-16,17:10:55,-08:00,2025-01-16T17:10:55-08:00,0,242
projects/index.html,54,html,58adad13,Marguerite Church,2025-01-16,17:10:55,-08:00,2025-01-16T17:10:55-08:00,0,9
projects/index.html,55,html,58adad13,Marguerite Church,2025-01-16,17:10:55,-08:00,2025-01-16T17:10:55-08:00,0,8
projects/index.html,56,html,58adad13,Marguerite Church,2025-01-16,17:10:55,-08:00,2025-01-16T17:10:55-08:00,0,43
projects/index.html,57,html,58adad13,Marguerite Church,2025-01-16,17:10:55,-08:00,2025-01-16T17:10:55-08:00,0,71
projects/index.html,58,html,58adad13,Marguerite Church,2025-01-16,17:10:55,-08:00,2025-01-16T17:10:55-08:00,0,217
projects/index.html,59,html,58adad13,Marguerite Church,2025-01-16,17:10:55,-08:00,2025-01-16T17:10:55-08:00,0,9
projects/index.html,60,html,58adad13,Marguerite Church,2025-01-16,17:10:55,-08:00,2025-01-16T17:10:55-08:00,0,8
projects/index.html,61,html,58adad13,Marguerite Church,2025-01-16,17:10:55,-08:00,2025-01-16T17:10:55-08:00,0,30
projects/index.html,62,html,58adad13,Marguerite Church,2025-01-16,17:10:55,-08:00,2025-01-16T17:10:55-08:00,0,71
projects/index.html,63,html,58adad13,Marguerite Church,2025-01-16,17:10:55,-08:00,2025-01-16T17:10:55-08:00,0,222
projects/index.html,64,html,58adad13,Marguerite Church,2025-01-16,17:10:55,-08:00,2025-01-16T17:10:55-08:00,0,9
projects/index.html,65,html,58adad13,Marguerite Church,2025-01-16,17:10:55,-08:00,2025-01-16T17:10:55-08:00,0,8
projects/index.html,66,html,58adad13,Marguerite Church,2025-01-16,17:10:55,-08:00,2025-01-16T17:10:55-08:00,0,35
projects/index.html,67,html,58adad13,Marguerite Church,2025-01-16,17:10:55,-08:00,2025-01-16T17:10:55-08:00,0,71
projects/index.html,68,html,58adad13,Marguerite Church,2025-01-16,17:10:55,-08:00,2025-01-16T17:10:55-08:00,0,227
projects/index.html,69,html,58adad13,Marguerite Church,2025-01-16,17:10:55,-08:00,2025-01-16T17:10:55-08:00,0,9
projects/index.html,70,html,58adad13,Marguerite Church,2025-01-16,17:10:55,-08:00,2025-01-16T17:10:55-08:00,0,8
projects/index.html,71,html,58adad13,Marguerite Church,2025-01-16,17:10:55,-08:00,2025-01-16T17:10:55-08:00,0,35
projects/index.html,72,html,58adad13,Marguerite Church,2025-01-16,17:10:55,-08:00,2025-01-16T17:10:55-08:00,0,71
projects/index.html,73,html,58adad13,Marguerite Church,2025-01-16,17:10:55,-08:00,2025-01-16T17:10:55-08:00,0,218
projects/index.html,74,html,58adad13,Marguerite Church,2025-01-16,17:10:55,-08:00,2025-01-16T17:10:55-08:00,0,9
projects/index.html,75,html,58adad13,Marguerite Church,2025-01-16,17:10:55,-08:00,2025-01-16T17:10:55-08:00,0,8
projects/index.html,76,html,58adad13,Marguerite Church,2025-01-16,17:10:55,-08:00,2025-01-16T17:10:55-08:00,0,45
projects/index.html,77,html,58adad13,Marguerite Church,2025-01-16,17:10:55,-08:00,2025-01-16T17:10:55-08:00,0,71
projects/index.html,78,html,58adad13,Marguerite Church,2025-01-16,17:10:55,-08:00,2025-01-16T17:10:55-08:00,0,228
projects/index.html,79,html,58adad13,Marguerite Church,2025-01-16,17:10:55,-08:00,2025-01-16T17:10:55-08:00,0,9
projects/index.html,80,html,58adad13,Marguerite Church,2025-01-16,17:10:55,-08:00,2025-01-16T17:10:55-08:00,0,8
projects/index.html,81,html,58adad13,Marguerite Church,2025-01-16,17:10:55,-08:00,2025-01-16T17:10:55-08:00,0,38
projects/index.html,82,html,58adad13,Marguerite Church,2025-01-16,17:10:55,-08:00,2025-01-16T17:10:55-08:00,0,71
projects/index.html,83,html,58adad13,Marguerite Church,2025-01-16,17:10:55,-08:00,2025-01-16T17:10:55-08:00,0,221
projects/index.html,84,html,58afe94b,Marguerite Church,2025-01-30,14:38:39,-08:00,2025-01-30T14:38:39-08:00,0,13
projects/index.html,85,html,58adad13,Marguerite Church,2025-01-16,17:10:55,-08:00,2025-01-16T17:10:55-08:00,0,5
projects/index.html,86,html,4d01b89b,Marguerite Church,2025-01-09,14:22:11,-08:00,2025-01-09T14:22:11-08:00,0,6
projects/index.html,87,html,4d01b89b,Marguerite Church,2025-01-09,14:22:11,-08:00,2025-01-09T14:22:11-08:00,0,6
meta/index.html,1,html,ed36eb1a,Marguerite Church,2025-02-12,12:12:50,-08:00,2025-02-12T12:12:50-08:00,0,14
meta/index.html,2,html,ed36eb1a,Marguerite Church,2025-02-12,12:12:50,-08:00,2025-02-12T12:12:50-08:00,0,15
meta/index.html,3,html,ed36eb1a,Marguerite Church,2025-02-12,12:12:50,-08:00,2025-02-12T12:12:50-08:00,0,5
meta/index.html,4,html,ed36eb1a,Marguerite Church,2025-02-12,12:12:50,-08:00,2025-02-12T12:12:50-08:00,0,21
meta/index.html,5,html,ed36eb1a,Marguerite Church,2025-02-12,12:12:50,-08:00,2025-02-12T12:12:50-08:00,0,69
meta/index.html,6,html,ed36eb1a,Marguerite Church,2025-02-12,12:12:50,-08:00,2025-02-12T12:12:50-08:00,0,18
meta/index.html,7,html,ed36eb1a,Marguerite Church,2025-02-12,12:12:50,-08:00,2025-02-12T12:12:50-08:00,0,42
meta/index.html,8,html,ed36eb1a,Marguerite Church,2025-02-12,12:12:50,-08:00,2025-02-12T12:12:50-08:00,0,49
meta/index.html,9,html,ed36eb1a,Marguerite Church,2025-02-12,12:12:50,-08:00,2025-02-12T12:12:50-08:00,0,6
meta/index.html,10,html,ed36eb1a,Marguerite Church,2025-02-12,12:12:50,-08:00,2025-02-12T12:12:50-08:00,0,5
meta/index.html,11,html,ed36eb1a,Marguerite Church,2025-02-12,12:12:50,-08:00,2025-02-12T12:12:50-08:00,0,12
meta/index.html,12,html,ed36eb1a,Marguerite Church,2025-02-12,12:12:50,-08:00,2025-02-12T12:12:50-08:00,0,61
meta/index.html,13,html,ed36eb1a,Marguerite Church,2025-02-12,12:12:50,-08:00,2025-02-12T12:12:50-08:00,0,6
meta/index.html,14,html,ed36eb1a,Marguerite Church,2025-02-12,12:12:50,-08:00,2025-02-12T12:12:50-08:00,0,6
contact/index.html,1,html,905f5a39,Marguerite Church,2025-01-09,14:02:30,-08:00,2025-01-09T14:02:30-08:00,0,14
contact/index.html,2,html,905f5a39,Marguerite Church,2025-01-09,14:02:30,-08:00,2025-01-09T14:02:30-08:00,0,15
contact/index.html,3,html,905f5a39,Marguerite Church,2025-01-09,14:02:30,-08:00,2025-01-09T14:02:30-08:00,0,5
contact/index.html,4,html,905f5a39,Marguerite Church,2025-01-09,14:02:30,-08:00,2025-01-09T14:02:30-08:00,0,21
contact/index.html,5,html,905f5a39,Marguerite Church,2025-01-09,14:02:30,-08:00,2025-01-09T14:02:30-08:00,0,69
contact/index.html,6,html,905f5a39,Marguerite Church,2025-01-09,14:02:30,-08:00,2025-01-09T14:02:30-08:00,0,21
contact/index.html,7,html,d971ec79,Marguerite Church,2025-01-10,14:26:02,-08:00,2025-01-10T14:26:02-08:00,0,42
contact/index.html,8,html,81f54efa,Marguerite Church,2025-01-23,12:31:29,-08:00,2025-01-23T12:31:29-08:00,0,49
contact/index.html,9,html,905f5a39,Marguerite Church,2025-01-09,14:02:30,-08:00,2025-01-09T14:02:30-08:00,0,6
contact/index.html,10,html,905f5a39,Marguerite Church,2025-01-09,14:02:30,-08:00,2025-01-09T14:02:30-08:00,0,5
contact/index.html,11,html,905f5a39,Marguerite Church,2025-01-09,14:02:30,-08:00,2025-01-09T14:02:30-08:00,0,15
contact/index.html,12,html,5e1e71a3,Marguerite Church,2025-01-24,18:48:47,-08:00,2025-01-24T18:48:47-08:00,0,75
contact/index.html,13,html,4d01b89b,Marguerite Church,2025-01-09,14:22:11,-08:00,2025-01-09T14:22:11-08:00,0,22
contact/index.html,14,html,905f5a39,Marguerite Church,2025-01-09,14:02:30,-08:00,2025-01-09T14:02:30-08:00,0,23
contact/index.html,15,html,d09d196a,Marguerite Church,2025-01-15,14:07:19,-08:00,2025-01-15T14:07:19-08:00,0,22
contact/index.html,16,html,905f5a39,Marguerite Church,2025-01-09,14:02:30,-08:00,2025-01-09T14:02:30-08:00,0,34
contact/index.html,17,html,905f5a39,Marguerite Church,2025-01-09,14:02:30,-08:00,2025-01-09T14:02:30-08:00,0,22
contact/index.html,18,html,905f5a39,Marguerite Church,2025-01-09,14:02:30,-08:00,2025-01-09T14:02:30-08:00,0,6
contact/index.html,19,html,905f5a39,Marguerite Church,2025-01-09,14:02:30,-08:00,2025-01-09T14:02:30-08:00,0,6
contact/index.html,20,html,905f5a39,Marguerite Church,2025-01-09,14:02:30,-08:00,2025-01-09T14:02:30-08:00,0,6
